/dynamixel_data/header/stamp/secs,/dynamixel_data/header/stamp/nsecs,/dynamixel_data/header/frame_id,/dynamixel_data/header/seq,/dynamixel_data/Vel,/dynamixel_data/Pwm,/dynamixel_data/Pos,/dynamixel_data/Cur,/dynamixel_param/header/stamp/secs,/dynamixel_param/header/stamp/nsecs,/dynamixel_param/header/frame_id,/dynamixel_param/header/seq,/dynamixel_param/interval,/dynamixel_param/trg_pos,/dynamixel_param/fps,/dynamixel_param/surface_pos,/fingervision/fv_filter1_objinfo/d_obj_area,/fingervision/fv_filter1_objinfo/d_obj_center_filtered,/fingervision/fv_filter1_objinfo/fv,/fingervision/fv_filter1_objinfo/obj_area,/fingervision/fv_filter1_objinfo/obj_s,/fingervision/fv_filter1_objinfo/d_obj_orientation_filtered,/fingervision/fv_filter1_objinfo/obj_center,/fingervision/fv_filter1_objinfo/obj_orientation,/fingervision/fv_filter1_objinfo/header/stamp/secs,/fingervision/fv_filter1_objinfo/header/stamp/nsecs,/fingervision/fv_filter1_objinfo/header/frame_id,/fingervision/fv_filter1_objinfo/header/seq,/fingervision/fv_filter1_objinfo/mv_s,/fingervision/fv_filter1_objinfo/obj_area_filtered,/fingervision/fv_filter1_objinfo/d_obj_orientation,/fingervision/fv_filter1_objinfo/d_obj_center,/fingervision/fv_filter1_objinfo/d_obj_area_filtered
1610883555,724654912,,1082,30.0,"[2069, 126, 3843, 351]",42.5476419927165,0,-0.032532857122010185,"[-0.09981935283963067, 0.19806508614139812]",rh_l,0.03265625,"[1.174638896372926e-06, 0.00026311908732168376, 0.00017854510224424303, 0.0, 0.00042208691593259573, 2.4275870600831695e-05, 0.0, 9.279647201765329e-05, 0.0]",0.19153792983205795,"[0.09313340168603322, -0.10335355434039646]",-1.2922323343840743,1610883555,720793333,rh_l,199405,"[0.0, 0.0, 0.0, 0.0, 0.0, 3.9154630940174684e-05, 0.0, 0.0, 0.0]",0.031700520833333336,0.14790618286298216,"[0.10410445091558178, 0.11902146854858535]",0.037273465562394074,1610883555,722712993,,1273,"[0, 0, 0, 0]","[-72, -7, 68, -9]","[1993, 126, 3920, 351]","[-37, 0, 31, 0]"
1610883555,749241113,,1083,30.0,"[2069, 126, 3843, 351]",40.951601722303046,0,-0.09315723114550876,"[-0.11530203615716365, 0.02193193004841205]",rh_l,0.034231770833333335,"[0.0, 0.00022357291891239583, 0.0001801112957764417, 0.0, 0.0005346264806576073, 4.620246181730181e-05, 0.0, 4.42447308159899e-05, 0.0]",-1.0300988356886909,"[0.10381595392055648, -0.09726131608976796]",-1.180680161113341,1610883555,737705824,rh_l,199406,"[0.0, 0.0, 0.0, 0.0, 0.0, 0.0, 0.0, 0.0, 0.0]",0.03228645833333334,-6.595845240700094,"[-0.6316368318849813, -0.3602212264667874]",-0.029625563954539656,1610883555,745484113,,1274,"[0, 0, 0, 0]","[239, -7, -250, -9]","[1992, 126, 3920, 351]","[27, 0, -29, 0]"
1610883555,771071910,,1084,30.0,"[2069, 126, 3843, 351]",46.13383782832505,0,0.024537988543892393,"[-0.11554624219770573, 0.030854698758136522]",rh_l,0.033515625,"[0.0, 0.0002451079781167209, 0.00016953953308984637, 0.0, 0.0004375030694063753, 3.328143429826014e-05, 0.0, 0.00011863852705573663, 2.7408239020587644e-06]",-0.5731687383241054,"[0.09320956820956822, -0.08693944943944944]",-1.2694820095937347,1610883555,766891013,rh_l,199407,"[0.0, 0.0, 0.0, 0.0, 0.0, 0.0, 0.0, 0.0, 0.0]",0.03207552083333333,3.0427025324521155,"[0.36341672178269135, -0.3536679735162421]",-0.004300351811328396,1610883555,770478963,,1275,"[2, 0, -2, 0]","[192, -7, -201, -9]","[2002, 126, 3910, 351]","[-4, 0, 2, 0]"
1610883555,797297954,,1085,30.0,"[2069, 126, 3843, 351]",38.35213006226969,0,0.024537988543892393,"[-0.11554624219770573, 0.030854698758136522]",rh_l,0.033515625,"[0.0, 0.0002451079781167209, 0.00016953953308984637, 0.0, 0.0004375030694063753, 3.328143429826014e-05, 0.0, 0.00011863852705573663, 2.7408239020587644e-06]",-0.5731687383241054,"[0.09320956820956822, -0.08693944943944944]",-1.2694820095937347,1610883555,766891013,rh_l,199407,"[0.0, 0.0, 0.0, 0.0, 0.0, 0.0, 0.0, 0.0, 0.0]",0.03207552083333333,3.0427025324521155,"[0.36341672178269135, -0.3536679735162421]",-0.004300351811328396,1610883555,793482065,,1276,"[11, 0, -11, 0]","[154, -7, -164, -9]","[2012, 126, 3900, 351]","[-8, 0, 4, 0]"
1610883555,820071935,,1086,30.0,"[2069, 126, 3843, 351]",44.3185122569738,0,-0.02583698606307501,"[-0.10319220642240305, 0.0013802251079043759]",rh_l,0.034453125,"[0.0, 0.00021257891785353422, 0.00017384655075147748, 0.0, 0.0005212018149904907, 3.602225842769258e-05, 0.0, 9.007868357002735e-05, 7.830926165297569e-07]",-0.9004756139464014,"[0.09309604794298676, -0.07690179246301695]",-1.2244295081814256,1610883555,803176205,rh_l,199408,"[0.0, 0.0, 0.000743937911465764, 0.0, 0.0, 0.0, 0.0, 0.0007032477878965437, 0.0]",0.03314322916666666,-1.241622241169596,"[0.0031285563152444445, -0.276632323633081]",-0.03797558727461783,1610883555,818783044,,1277,"[20, 0, -20, 0]","[126, -7, -127, -9]","[2020, 126, 3891, 351]","[-4, 0, 0, 0]"
1610883555,843076944,,1087,30.0,"[2069, 126, 3843, 351]",43.71571212673928,0,-4.602602984617944,"[-0.03445525539219372, -0.6381034159104406]",rh_l,0.17071614583333333,"[1.1746387826860882e-05, 0.0006486233323812485, 0.0008202894241549075, 0.0, 0.0018767351284623146, 0.00039859412936493754, 0.0, 0.0011882508406415582, 0.0001789366506272927]",-0.5003850561610454,"[0.09343027120084549, -0.008245802325201319]",-1.287931643219267,1610883555,832781848,rh_l,199409,"[0.0, 1.950053956534248e-05, 0.015150384046137333, 0.0, 0.0005860910168848932, 0.007688894402235746, 0.0, 0.008700926788151264, 0.0030640417244285345]",0.061114583333333326,2.144933485749365,"[-0.011289174089504793, -2.319017024484678]",-0.945918414080929,1610883555,841465950,,1278,"[21, 0, -23, 0]","[108, -7, -105, -9]","[2025, 126, 3885, 351]","[-2, 0, 1, 0]"
1610883555,866102933,,1088,30.0,"[2069, 126, 3843, 351]",43.70250276116448,0,-4.602602984617944,"[-0.03445525539219372, -0.6381034159104406]",rh_l,0.17071614583333333,"[1.1746387826860882e-05, 0.0006486233323812485, 0.0008202894241549075, 0.0, 0.0018767351284623146, 0.00039859412936493754, 0.0, 0.0011882508406415582, 0.0001789366506272927]",-0.5003850561610454,"[0.09343027120084549, -0.008245802325201319]",-1.287931643219267,1610883555,832781848,rh_l,199409,"[0.0, 1.950053956534248e-05, 0.015150384046137333, 0.0, 0.0005860910168848932, 0.007688894402235746, 0.0, 0.008700926788151264, 0.0030640417244285345]",0.061114583333333326,2.144933485749365,"[-0.011289174089504793, -2.319017024484678]",-0.945918414080929,1610883555,864535093,,1279,"[18, 0, -19, 0]","[86, -7, -87, -9]","[2031, 126, 3880, 351]","[0, 0, -2, 0]"
1610883555,889118909,,1089,30.0,"[2069, 126, 3843, 351]",43.728929479961636,0,-3.7542676530044465,"[-0.22661990782737096, -1.001307465898138]",rh_l,0.3037239583333333,"[2.819133260345552e-05, 0.0006882447050884366, 0.0012775387149304152, 1.5661852330595138e-06, 0.001955302432179451, 0.0016050557605922222, 0.000194598498637788, 0.0023424848914146423, 0.000982440309599042]",-1.1258444695689307,"[0.12378247449198321, 0.05187620190835491]",-1.1823764988571928,1610883555,868210279,rh_l,199410,"[1.950053956534248e-05, 0.0006441320292651653, 0.028499500826001167, 0.0, 0.000938022043555975, 0.032334815710783005, 0.002561787609010935, 0.012377929873764515, 0.0044691553339362144]",0.115328125,-2.9793908841764436,"[-0.8567188112603044, -1.696998781389902]",-1.6902653732574167,1610883555,887526988,,1280,"[14, 0, -16, 0]","[75, -7, -72, -9]","[2034, 126, 3876, 351]","[0, 0, 0, 0]"
1610883555,912126064,,1090,30.0,"[2069, 126, 3843, 351]",43.73303304242652,0,0.33914226249189094,"[-0.10430458356459678, -0.8775886132826922]",rh_l,0.2917708333333333,"[3.602225842769258e-05, 0.0007233472424559295, 0.0012302937684580684, 0.0, 0.0019385687774047256, 0.0015619272598996758, 0.00011511461343616247, 0.002252525882795453, 0.0008804263779893517]",0.49928768303581883,"[0.12448949992349674, 0.04276980160146887]",-1.236295099361051,1610883555,903455444,rh_l,199411,"[3.900107913068496e-05, 0.0006060522282496095, 0.03341425210237503, 0.0, 0.0008991745417006314, 0.03507579118013382, 0.0018774260533973575, 0.008957811631262302, 0.0046084229834377766]",0.16683593749999998,1.5298155223236527,"[-0.020060210571110484, 0.2583730366104411]",-1.6038054745299366,1610883555,910558938,,1281,"[12, 0, -12, 0]","[62, -7, -62, -6]","[2038, 126, 3873, 350]","[0, 0, 0, 0]"
1610883555,935111999,,1091,30.0,"[2069, 126, 3843, 351]",43.7805079172886,0,0.33914226249189094,"[-0.10430458356459678, -0.8775886132826922]",rh_l,0.2917708333333333,"[3.602225842769258e-05, 0.0007233472424559295, 0.0012302937684580684, 0.0, 0.0019385687774047256, 0.0015619272598996758, 0.00011511461343616247, 0.002252525882795453, 0.0008804263779893517]",0.49928768303581883,"[0.12448949992349674, 0.04276980160146887]",-1.236295099361051,1610883555,903455444,rh_l,199411,"[3.900107913068496e-05, 0.0006060522282496095, 0.03341425210237503, 0.0, 0.0008991745417006314, 0.03507579118013382, 0.0018774260533973575, 0.008957811631262302, 0.0046084229834377766]",0.16683593749999998,1.5298155223236527,"[-0.020060210571110484, 0.2583730366104411]",-1.6038054745299366,1610883555,933510065,,1282,"[10, 0, -9, 0]","[55, -7, -51, -9]","[2040, 126, 3870, 351]","[0, 0, 0, 0]"
1610883555,957097053,,1092,30.0,"[2069, 126, 3843, 351]",47.19435599113341,0,0.16454216166641022,"[-0.1358611249213053, -0.9068123503044244]",rh_l,0.2864713541666667,"[3.915462912118528e-06, 0.0006808728794567287, 0.001054122461937368, 1.957731456059264e-06, 0.001952902297489345, 0.001530904439277947, 0.00019499004702083766, 0.002249496290460229, 0.0009236499899998307]",-0.3512443946309736,"[0.1178665580135968, 0.05886664242534435]",-1.1973254736745336,1610883555,935662868,rh_l,199412,"[0.0, 0.0011927575105801225, 0.02671988494694233, 7.830926188034937e-05, 0.0006651680450886488, 0.028265804052352905, 0.0005868587759323418, 0.005225530359894037, 0.0032444598618894815]",0.21742708333333333,-1.2099578558818465,"[0.20563401499914866, -0.499786658624902]",-1.575804639905433,1610883555,956501960,,1283,"[8, 0, -8, 0]","[39, -7, -44, -9]","[2043, 126, 3868, 351]","[0, 0, 0, 0]"
1610883555,980083942,,1093,30.0,"[2069, 126, 3843, 351]",43.73668130011783,0,0.12828526215974745,"[-0.13329746175828966, -0.8816399859114961]",rh_l,0.2811328125,"[1.9968860215158202e-05, 0.0005802715895697474, 0.0009444986935704947, 0.0, 0.0019358048448339105, 0.0015394034562632442, 0.00016640716057736427, 0.0023152916692197323, 0.0009271600865758955]",-0.04168718823158672,"[0.11720293508538607, 0.06514089865486282]",-1.21006636165059,1610883555,977277482,rh_l,199413,"[0.0, 0.014408904127776623, 0.06119745597243309, 0.0, 0.015622696839272976, 0.04735161364078522, 0.0003718922089319676, 0.013820354826748371, 0.003460654988884926]",0.26676302083333336,0.3061637908273386,"[0.015946872130322608, -0.15077050166843967]",-1.5449801902608684,1610883555,978841066,,1284,"[6, 0, -6, 0]","[36, -7, -37, -9]","[2045, 126, 3866, 351]","[0, 0, 0, 0]"
1610883556,3137111,,1094,30.0,"[2069, 126, 3843, 351]",43.61479509603086,0,0.22957097406576774,"[-0.17119005765028744, -0.4275254671624051]",rh_l,0.27533854166666666,"[3.1715248042019084e-05, 0.0005479068495333195, 0.000927732908166945, 2.7408239020587644e-06, 0.001884615165181458, 0.0015218574553728104, 0.00012020471331197768, 0.0022294323425740004, 0.0010023892391473055]",-0.28406215427842935,"[0.12226983151153203, 0.06636361486806014]",-1.2336163534361013,1610883556,2517044,rh_l,199414,"[3.9154630940174684e-05, 0.042639389634132385, 0.07480407506227493, 0.0, 0.03382959961891174, 0.05978189781308174, 0.0002740823838394135, 0.02049691043794155, 0.0036180412862449884]",0.2876875,0.9330586555151518,"[-0.20075215354949372, -0.0484444307392228]",-0.578545398524126,1610883556,1511096,,1285,"[5, 0, -5, 0]","[33, -7, -34, -9]","[2046, 126, 3864, 351]","[0, 0, 0, 0]"
1610883556,26082992,,1095,30.0,"[2069, 126, 3843, 351]",44.7187316750717,0,0.22957097406576774,"[-0.17119005765028744, -0.4275254671624051]",rh_l,0.27533854166666666,"[3.1715248042019084e-05, 0.0005479068495333195, 0.000927732908166945, 2.7408239020587644e-06, 0.001884615165181458, 0.0015218574553728104, 0.00012020471331197768, 0.0022294323425740004, 0.0010023892391473055]",-0.28406215427842935,"[0.12226983151153203, 0.06636361486806014]",-1.2336163534361013,1610883556,2517044,rh_l,199414,"[3.9154630940174684e-05, 0.042639389634132385, 0.07480407506227493, 0.0, 0.03382959961891174, 0.05978189781308174, 0.0002740823838394135, 0.02049691043794155, 0.0036180412862449884]",0.2876875,0.9330586555151518,"[-0.20075215354949372, -0.0484444307392228]",-0.578545398524126,1610883556,24667978,,1286,"[4, 0, -4, 0]","[30, -7, -27, -9]","[2048, 126, 3863, 351]","[0, 0, 0, 0]"
1610883556,48099994,,1096,30.0,"[2069, 126, 3843, 351]",46.257984824422095,0,-0.10985770385888118,"[-0.008760740731109754, -0.07985189941716764]",rh_l,0.27990885416666667,"[1.3312573173607234e-05, 0.0005685251671820879, 0.0009792572818696499, 0.0, 0.0019001741893589497, 0.001586153986863792, 0.00015975088172126561, 0.0022396447602659464, 0.0009702516836114228]",0.09366378587281936,"[0.12412413027731445, 0.06464257471142158]",-1.1882383845182016,1610883556,44119156,rh_l,199415,"[0.003054060973227024, 0.08984021097421646, 0.06814686208963394, 0.0, 0.04929567873477936, 0.058489952236413956, 7.830926188034937e-05, 0.02110373042523861, 0.004440749064087868]",0.28292447916666663,-1.0907611834201998,"[-0.044572226664415834, 0.04136905733628515]",0.15033659130498706,1610883556,47523021,,1287,"[3, 0, -3, 0]","[28, -7, -24, -9]","[2048, 126, 3862, 351]","[0, 0, 0, 0]"
1610883556,73076963,,1097,30.0,"[2069, 126, 3843, 351]",40.22695797287707,0,-0.014020197139575235,"[0.010735918297976718, -0.14091530997726381]",rh_l,0.2802604166666667,"[1.6444942957605235e-05, 0.0005242804763838649, 0.0010317243868485093, 1.174638896372926e-06, 0.0019174021435901523, 0.0015309459995478392, 0.00014604676107410342, 0.002270185388624668, 0.0009894374525174499]",-0.2599194299795641,"[0.12218271298484079, 0.06581971619720182]",-1.182267910193534,1610883556,69194588,rh_l,199416,"[0.002740823896601796, 0.09784740954637527, 0.023648321628570557, 0.0, 0.042247842997312546, 0.025152472779154778, 3.9154630940174684e-05, 0.015485425479710102, 0.002464438322931528]",0.28062239583333337,-0.23810055693826426,"[0.07742308457432187, -0.046944016190039795]",0.0797040993786938,1610883556,72158098,,1288,"[2, 0, -2, 0]","[24, -7, -21, -9]","[2049, 126, 3861, 351]","[0, 0, 0, 0]"
1610883556,96211910,,1098,30.0,"[2069, 126, 3843, 351]",43.47420137233359,0,-0.014020197139575235,"[0.010735918297976718, -0.14091530997726381]",rh_l,0.2802604166666667,"[1.6444942957605235e-05, 0.0005242804763838649, 0.0010317243868485093, 1.174638896372926e-06, 0.0019174021435901523, 0.0015309459995478392, 0.00014604676107410342, 0.002270185388624668, 0.0009894374525174499]",-0.2599194299795641,"[0.12218271298484079, 0.06581971619720182]",-1.182267910193534,1610883556,69194588,rh_l,199416,"[0.002740823896601796, 0.09784740954637527, 0.023648321628570557, 0.0, 0.042247842997312546, 0.025152472779154778, 3.9154630940174684e-05, 0.015485425479710102, 0.002464438322931528]",0.28062239583333337,-0.23810055693826426,"[0.07742308457432187, -0.046944016190039795]",0.0797040993786938,1610883556,94652891,,1289,"[2, 0, -2, 0]","[21, -7, -21, -9]","[2050, 126, 3861, 351]","[0, 0, 0, 0]"
1610883556,120100975,,1099,30.0,"[2069, 126, 3843, 351]",42.16016484897221,0,0.07734618138869886,"[-0.03171652665334452, -0.12301498383462732]",rh_l,0.27763020833333335,"[2.1535046471399255e-05, 0.0004913905868306756, 0.0008989902562461793, 0.0, 0.0017928904853761196, 0.0015853708609938622, 0.00022866303334012628, 0.002279191045090556, 0.0010505187092348933]",-0.32876674031292835,"[0.12240810966540262, 0.07977173141088341]",-1.1294164958255606,1610883556,103200253,rh_l,199417,"[0.003093215636909008, 0.06123783811926842, 0.005755269899964333, 0.0, 0.02263137511909008, 0.012214555405080318, 0.0, 0.007595537230372429, 0.0013886842643842101]",0.2788541666666667,-1.554194407548668,"[-0.006628209757457525, -0.41028502791171956]",0.06226490332315153,1610883556,119118928,,1290,"[1, 0, -2, 0]","[18, -7, -18, -9]","[2051, 126, 3860, 351]","[0, 0, 0, 0]"
1610883556,142077922,,1100,30.0,"[2069, 126, 3843, 351]",45.7663618706763,0,-0.002009648990398535,"[-0.06917526828301833, 0.02946591782807544]",rh_l,0.2776953125,"[4.307009294279851e-05, 0.0005794885219074786, 0.0010501272045075893, 0.0, 0.0018097269348800182, 0.0015732330502942204, 0.0001683649024926126, 0.0021527213975787163, 0.0009737755754031241]",0.013436089351540304,"[0.1279590257822077, 0.05995736457475098]",-1.1947645687348865,1610883556,135596043,rh_l,199418,"[0.0020751953125, 0.02748654969036579, 0.002466280944645405, 0.0, 0.011981315910816193, 0.004717288073152304, 3.9154630940174684e-05, 0.0033084892202168703, 0.0009780979016795754]",0.2781666666666666,2.017177939149682,"[-0.17134683601804643, 0.6116340066450742]",0.03620592109312233,1610883556,141455888,,1291,"[1, 0, -1, 0]","[18, -7, -19, -9]","[2051, 126, 3860, 351]","[0, 0, -1, 0]"
1610883556,166735887,,1101,30.0,"[2069, 126, 3843, 351]",40.81292996915412,0,-0.002009648990398535,"[-0.06917526828301833, 0.02946591782807544]",rh_l,0.2776953125,"[4.307009294279851e-05, 0.0005794885219074786, 0.0010501272045075893, 0.0, 0.0018097269348800182, 0.0015732330502942204, 0.0001683649024926126, 0.0021527213975787163, 0.0009737755754031241]",0.013436089351540304,"[0.1279590257822077, 0.05995736457475098]",-1.1947645687348865,1610883556,135596043,rh_l,199418,"[0.0020751953125, 0.02748654969036579, 0.002466280944645405, 0.0, 0.011981315910816193, 0.004717288073152304, 3.9154630940174684e-05, 0.0033084892202168703, 0.0009780979016795754]",0.2781666666666666,2.017177939149682,"[-0.17134683601804643, 0.6116340066450742]",0.03620592109312233,1610883556,163713932,,1292,"[1, 0, -1, 0]","[19, -7, -15, -9]","[2052, 126, 3859, 351]","[0, -1, -1, 0]"
1610883556,189291000,,1102,30.0,"[2069, 126, 3843, 351]",44.80663184095546,0,0.10847828160567183,"[0.022783189131643917, -0.06761657939646597]",rh_l,0.27298177083333336,"[1.4878758520353585e-05, 0.0004835596773773432, 0.0008707989472895861, 3.9154630826487846e-07, 0.0018230394925922155, 0.001483568805269897, 0.0002490234328433871, 0.0022823233157396317, 0.0010011838749051094]",-0.4793188004494427,"[0.11670334911928047, 0.08315423665292496]",-1.1282527051098135,1610883556,179047521,rh_l,199419,"[0.000861401844304055, 0.017306344583630562, 0.0015268769348040223, 0.0, 0.004855174105614424, 0.0021726980339735746, 3.9154630940174684e-05, 0.0023491240572184324, 0.00041104681440629065]",0.2776953125,-1.5307157934897633,"[0.2590401335238175, -0.5338569168619298]",0.011987382601103148,1610883556,187513113,,1293,"[0, 0, -1, 0]","[20, -7, -16, -9]","[2052, 126, 3859, 351]","[0, -1, -1, 0]"
1610883556,211081027,,1103,30.0,"[2069, 126, 3843, 351]",46.185145625722626,0,0.09677292921348934,"[0.00567864140328625, -0.04274012532059386]",rh_l,0.270546875,"[1.0180203389609233e-05, 0.000503920076880604, 0.0008332104771398008, 3.52391657543194e-06, 0.0018770728493109345, 0.0015086277853697538, 0.0001828521053539589, 0.002221242059022188, 0.0009949191007763147]",-0.11697932116074264,"[0.11997665800365769, 0.07898378092212914]",-1.1463921227698595,1610883556,204208440,rh_l,199420,"[0.000939711055252701, 0.008770636282861233, 0.000743937911465764, 0.0, 0.0020751953125, 0.0009199034539051354, 0.0, 0.0014290671097114682, 0.00013696443056687713]",0.2758229166666667,0.7209362130233005,"[-0.13009496530620415, 0.16575132771564569]",0.053313509215577246,1610883556,210485935,,1294,"[0, 0, 0, 0]","[16, -7, -16, -9]","[2052, 126, 3859, 351]","[0, -1, -1, 0]"
1610883556,234107017,,1104,30.0,"[2069, 126, 3843, 351]",43.63566754403304,0,0.09677292921348934,"[0.00567864140328625, -0.04274012532059386]",rh_l,0.270546875,"[1.0180203389609233e-05, 0.000503920076880604, 0.0008332104771398008, 3.52391657543194e-06, 0.0018770728493109345, 0.0015086277853697538, 0.0001828521053539589, 0.002221242059022188, 0.0009949191007763147]",-0.11697932116074264,"[0.11997665800365769, 0.07898378092212914]",-1.1463921227698595,1610883556,204208440,rh_l,199420,"[0.000939711055252701, 0.008770636282861233, 0.000743937911465764, 0.0, 0.0020751953125, 0.0009199034539051354, 0.0, 0.0014290671097114682, 0.00013696443056687713]",0.2758229166666667,0.7209362130233005,"[-0.13009496530620415, 0.16575132771564569]",0.053313509215577246,1610883556,232583999,,1295,"[0, 0, 0, 0]","[17, -7, -13, -9]","[2052, 126, 3858, 351]","[0, -1, -2, 0]"
1610883556,257128000,,1105,30.0,"[2069, 126, 3843, 351]",43.72391506041052,0,0.06845292019375254,"[-0.02207700530703141, -0.019228038158388822]",rh_l,0.268359375,"[5.090101694804616e-06, 0.0005242804763838649, 0.0008915508515201509, 0.0, 0.0017987636383622885, 0.0014498959062620997, 0.0001977308711502701, 0.0022040139883756638, 0.0009984431089833379]",0.036715140612262775,"[0.12193733971026544, 0.07672714355028763]",-1.1633408256748041,1610883556,236164710,rh_l,199421,"[0.00015661852376069874, 0.002036040648818016, 0.000195773143786937, 0.0, 0.0012529481900855899, 0.00029358293977566063, 0.0, 0.0002740823838394135, 0.00021527368517126888]",0.27344270833333334,0.5303717519267629,"[-0.06135514897726644, 0.07061641962098542]",0.06980813268224281,1610883556,255774974,,1296,"[0, 0, 0, 0]","[17, -7, -13, -9]","[2052, 126, 3858, 351]","[0, -1, -2, 0]"
1610883556,280088901,,1106,30.0,"[2069, 126, 3843, 351]",43.809774491064246,0,0.1979631880158512,"[-0.03797680516703165, 0.01786690065699209]",rh_l,0.26143229166666665,"[3.1323704661190277e-06, 0.00044714583782479167, 0.0007302338490262628, 0.0, 0.0018089436925947666, 0.0015740160597488284, 0.00017854510224424303, 0.0021464566234499216, 0.0009729925077408552]",0.18824337568173405,"[0.124951083630982, 0.08459365616951037]",-1.135468014198093,1610883556,271156485,rh_l,199422,"[3.9154630940174684e-05, 0.001018020324409008, 0.00011746388190658763, 0.0, 0.00011746388190658763, 0.000195773143786937, 0.0, 0.000195773143786937, 5.8655172324506566e-05]",0.270203125,-0.7965532322013117,"[-0.08612720905745871, -0.22481033383481502]",0.09393153400767326,1610883556,278458118,,1297,"[0, 0, 0, 0]","[18, -7, -14, -9]","[2052, 126, 3857, 351]","[0, -1, 0, 0]"
1610883556,306117057,,1107,30.0,"[2069, 126, 3843, 351]",38.59954721981926,0,-0.09080911966242759,"[-0.00892047939457837, -0.06850687003374326]",rh_l,0.2643229166666667,"[7.04783315086388e-06, 0.0005007876898162067, 0.0007995375199243426, 0.0, 0.0017744876677170396, 0.0015242896042764187, 0.00017110572662204504, 0.002177388872951269, 0.000993744470179081]",-0.1494224553889899,"[0.12578078817733993, 0.07887139338494019]",-1.1459358892220353,1610883556,302988365,rh_l,199423,"[0.0, 0.00015661852376069874, 5.8655172324506566e-05, 0.0, 3.9154630940174684e-05, 3.9154630940174684e-05, 0.0, 7.830926188034937e-05, 5.8655172324506566e-05]",0.26752864583333336,0.3288487837960622,"[-0.026065207155780045, 0.17976515319139738]",0.07617163987326746,1610883556,304470062,,1298,"[0, 0, 0, 0]","[15, -7, -10, -9]","[2052, 126, 3857, 351]","[0, 0, -1, 0]"
1610883556,329229116,,1108,30.0,"[2069, 126, 3843, 351]",44.15010368311913,0,-0.09080911966242759,"[-0.00892047939457837, -0.06850687003374326]",rh_l,0.2643229166666667,"[7.04783315086388e-06, 0.0005007876898162067, 0.0007995375199243426, 0.0, 0.0017744876677170396, 0.0015242896042764187, 0.00017110572662204504, 0.002177388872951269, 0.000993744470179081]",-0.1494224553889899,"[0.12578078817733993, 0.07887139338494019]",-1.1459358892220353,1610883556,302988365,rh_l,199423,"[0.0, 0.00015661852376069874, 5.8655172324506566e-05, 0.0, 3.9154630940174684e-05, 3.9154630940174684e-05, 0.0, 7.830926188034937e-05, 5.8655172324506566e-05]",0.26752864583333336,0.3288487837960622,"[-0.026065207155780045, 0.17976515319139738]",0.07617163987326746,1610883556,327608108,,1299,"[0, 0, 0, 0]","[15, -7, -11, -9]","[2053, 126, 3857, 351]","[0, 0, -2, 0]"
1610883556,353131055,,1109,30.0,"[2069, 126, 3843, 351]",42.23488304181897,0,0.037605600903260636,"[-0.061660632391140044, 0.036380632860327625]",rh_l,0.2630338541666667,"[4.698555585491704e-06, 0.0005027453880757093, 0.0007658645627088845, 7.830926165297569e-07, 0.0018112931866198778, 0.0015340782701969147, 0.00015387768507935107, 0.002123747020959854, 0.0010125386761501431]",0.31031881417276086,"[0.12594054749764863, 0.07919427609665713]",-1.1722614311665327,1610883556,337266836,rh_l,199424,"[0.0, 3.9154630940174684e-05, 3.900107913068496e-05, 0.0, 7.830926188034937e-05, 0.0, 0.0, 7.830926188034937e-05, 1.950053956534248e-05]",0.2655390625,0.7679905543189903,"[-0.004660631458990851, -0.009419402391575337]",0.06199710373278522,1610883556,351912021,,1300,"[0, 0, 0, 0]","[16, -7, -11, -9]","[2053, 126, 3857, 351]","[0, 0, -2, 0]"
1610883556,376176118,,1110,30.0,"[2069, 126, 3843, 351]",43.63203611813292,0,0.037605600903260636,"[-0.061660632391140044, 0.036380632860327625]",rh_l,0.2630338541666667,"[4.698555585491704e-06, 0.0005027453880757093, 0.0007658645627088845, 7.830926165297569e-07, 0.0018112931866198778, 0.0015340782701969147, 0.00015387768507935107, 0.002123747020959854, 0.0010125386761501431]",0.31031881417276086,"[0.12594054749764863, 0.07919427609665713]",-1.1722614311665327,1610883556,337266836,rh_l,199424,"[0.0, 3.9154630940174684e-05, 3.900107913068496e-05, 0.0, 7.830926188034937e-05, 0.0, 0.0, 7.830926188034937e-05, 1.950053956534248e-05]",0.2655390625,0.7679905543189903,"[-0.004660631458990851, -0.009419402391575337]",0.06199710373278522,1610883556,374660968,,1301,"[0, 0, 0, 0]","[16, -7, -12, -9]","[2053, 126, 3857, 351]","[0, 0, -2, 0]"
1610883556,401048898,,1111,30.0,"[2069, 126, 3843, 351]",40.42351988743145,0,0.046731375789648665,"[-0.022400810290225573, -0.027282324780983802]",rh_l,0.26110677083333333,"[3.915462912118528e-06, 0.0004733794485218823, 0.0007689969497732818, 7.830926165297569e-07, 0.0017251529498025775, 0.0014698647428303957, 0.00018676757463254035, 0.002223982708528638, 0.0009988346137106419]",0.0030091346723056358,"[0.12321045657578844, 0.0854856060012396]",-1.138627654702344,1610883556,378504298,rh_l,199425,"[0.0, 0.0, 0.0, 0.0, 0.0, 0.0, 0.0, 0.0, 3.900107913068496e-05]",0.2636510416666667,-0.8156121844789755,"[0.06620414519836816, -0.15256346049091146]",0.05198879304801708,1610883556,399493932,,1302,"[0, 0, 0, 0]","[17, -7, -12, -9]","[2054, 126, 3857, 351]","[0, 0, -2, 0]"
1610883556,424151897,,1112,30.0,"[2069, 126, 3843, 351]",44.33818896805429,0,0.10940297627167452,"[-0.026837785737363184, -0.017940044047238608]",rh_l,0.2584505208333333,"[2.7408239020587644e-06, 0.0004843427741434425, 0.0007642983109690249, 0.0, 0.001746296533383429, 0.001468690112233162, 0.00017228037177119404, 0.002124921651557088, 0.001008231658488512]",-0.01684792572949073,"[0.12523876697638597, 0.08263694464636576]",-1.1490942198874685,1610883556,402783802,rh_l,199426,"[0.0, 7.830926188034937e-05, 0.0, 0.0, 7.830926188034937e-05, 0.0, 0.0, 7.830926188034937e-05, 0.0]",0.2616692708333333,0.43108644991778106,"[-0.08354002621295446, 0.11732782328971139]",0.06017880426360148,1610883556,422569036,,1303,"[0, 0, 0, 0]","[14, -7, -13, -9]","[2053, 126, 3857, 351]","[0, 0, -1, 0]"
1610883556,447086095,,1113,30.0,"[2069, 126, 3843, 351]",44.47971833674454,0,-0.04086333499271301,"[0.015042217669123984, 0.06879366173156483]",rh_l,0.2598046875,"[4.698555585491704e-06, 0.00046594010200351477, 0.0008985987515188754, 0.0, 0.0018144253408536315, 0.0013805922353640199, 0.000188333768164739, 0.0021116090938448906, 0.0009483250905759633]",0.2180409891965875,"[0.12115363962454627, 0.07571561025552905]",-1.1616171297192444,1610883556,435922719,rh_l,199427,"[0.0, 3.9154630940174684e-05, 1.950053956534248e-05, 0.0, 7.830926188034937e-05, 0.0, 0.0, 0.0, 0.0]",0.26134375,0.37789134242907946,"[0.12327280797497711, 0.2088581950592022]",0.01241349966188864,1610883556,446490049,,1304,"[0, 0, 0, 0]","[14, -7, -13, -9]","[2054, 126, 3856, 351]","[0, 0, -2, 0]"
1610883556,470110893,,1114,30.0,"[2069, 126, 3843, 351]",43.62023815714211,0,-0.04086333499271301,"[0.015042217669123984, 0.06879366173156483]",rh_l,0.2598046875,"[4.698555585491704e-06, 0.00046594010200351477, 0.0008985987515188754, 0.0, 0.0018144253408536315, 0.0013805922353640199, 0.000188333768164739, 0.0021116090938448906, 0.0009483250905759633]",0.2180409891965875,"[0.12115363962454627, 0.07571561025552905]",-1.1616171297192444,1610883556,435922719,rh_l,199427,"[0.0, 3.9154630940174684e-05, 1.950053956534248e-05, 0.0, 7.830926188034937e-05, 0.0, 0.0, 0.0, 0.0]",0.26134375,0.37789134242907946,"[0.12327280797497711, 0.2088581950592022]",0.01241349966188864,1610883556,468708038,,1305,"[0, 0, 0, 0]","[15, -7, -14, -9]","[2054, 126, 3856, 351]","[0, 0, -2, 0]"
1610883556,498091936,,1115,30.0,"[2069, 126, 3843, 351]",36.283220443083415,0,-0.1544982730543084,"[0.010804735194998544, -0.005401194065338183]",rh_l,0.26579427083333335,"[4.698555585491704e-06, 0.0005274128634482622, 0.0007697799592278898, 0.0, 0.0017682230100035667, 0.0015004053711891174, 0.00019420696480665356, 0.0021985324565321207, 0.0010293752420693636]",0.1418257490805202,"[0.1229855274299991, 0.08312839856953898]",-1.159592379157766,1610883556,474690682,rh_l,199428,"[0.0, 0.0, 0.0, 0.0, 0.0, 0.0, 0.0, 0.0, 0.0]",0.2616380208333334,-0.052227416784274366,"[-0.04725261952640725, -0.1912091257931177]",-0.00032433101648752236,1610883556,497472047,,1306,"[0, 0, 0, 0]","[15, -7, -10, -9]","[2054, 126, 3856, 351]","[0, 0, -3, 0]"
1610883556,523282051,,1116,30.0,"[2069, 126, 3843, 351]",40.04835244578969,0,-0.04880954101799114,"[-0.003018642909899877, 0.006896588822516618]",rh_l,0.2676953125,"[1.3704119737667497e-05, 0.0004906075191684067, 0.0007764362962916493, 0.0, 0.0017705722711980343, 0.0015877202386036515, 0.00021300117077771574, 0.0021566369105130434, 0.0010411215480417013]",-0.1461131645463971,"[0.12585902593928275, 0.08110038703939182]",-1.133430745770146,1610883556,513638839,rh_l,199429,"[0.0, 0.0, 0.0, 0.0, 0.0, 0.0, 0.0, 0.0, 1.950053956534248e-05]",0.2625703125,-0.6717040138155962,"[-0.07377752198348295, 0.052069512047698656]",-0.017607359400737876,1610883556,521555900,,1307,"[0, 0, 0, 0]","[16, -7, -11, -9]","[2054, 126, 3856, 351]","[0, 0, -2, 0]"
1610883556,547359943,,1117,30.0,"[2069, 126, 3843, 351]",42.31370808280538,0,-0.13104094275891617,"[0.013688279407339774, 0.0068458786879423365]",rh_l,0.2711458333333333,"[1.957731456059264e-06, 0.0004855173756368458, 0.0008296865853480995, 0.0, 0.0017760539194568992, 0.001511760288849473, 0.00023101230908650905, 0.002266269875690341, 0.0010513017186895013]",-0.11168834953459994,"[0.1219161612974041, 0.08512430711816035]",-1.116486658824428,1610883556,539970463,rh_l,199430,"[0.0, 0.0, 0.0, 0.0, 0.0, 0.0, 0.0, 0.0, 0.0]",0.264578125,-0.6434881094199897,"[0.1497387567845664, -0.15281701116378288]",-0.05316182311045085,1610883556,546106100,,1308,"[0, 0, 0, 0]","[16, -7, -11, -9]","[2054, 126, 3856, 351]","[0, 0, -2, 0]"
1610883556,571255922,,1118,30.0,"[2069, 126, 3843, 351]",42.108949260084735,0,0.41094550292356113,"[-0.0015876988879907628, 0.024232556162795727]",rh_l,0.2585546875,"[9.005564606923144e-06, 0.00046398231643252075, 0.000768213823903352, 1.174638896372926e-06, 0.00179132423363626, 0.0015058870194479823, 0.0001433059514965862, 0.002108476823195815, 0.000983564299531281]",0.1341920756800042,"[0.1268160202591386, 0.07886585515003708]",-1.1673631221660237,1610883556,570609917,rh_l,199431,"[0.0, 0.0, 0.0, 0.0, 0.0, 0.0, 0.0, 0.0, 0.0]",0.26459895833333336,1.660488575990802,"[-0.15991991768960714, 0.20426121066397834]",0.007146682219926481,1610883556,568610906,,1309,"[0, 0, 0, 0]","[17, -7, -12, -9]","[2054, 126, 3856, 351]","[0, 0, -2, 0]"
1610883556,599955081,,1119,30.0,"[2069, 126, 3843, 351]",35.0764701946879,0,0.41094550292356113,"[-0.0015876988879907628, 0.024232556162795727]",rh_l,0.2585546875,"[9.005564606923144e-06, 0.00046398231643252075, 0.000768213823903352, 1.174638896372926e-06, 0.00179132423363626, 0.0015058870194479823, 0.0001433059514965862, 0.002108476823195815, 0.000983564299531281]",0.1341920756800042,"[0.1268160202591386, 0.07886585515003708]",-1.1673631221660237,1610883556,570609917,rh_l,199431,"[0.0, 0.0, 0.0, 0.0, 0.0, 0.0, 0.0, 0.0, 0.0]",0.26459895833333336,1.660488575990802,"[-0.15991991768960714, 0.20426121066397834]",0.007146682219926481,1610883556,596496105,,1310,"[0, 0, 0, 0]","[18, -7, -12, -9]","[2055, 126, 3856, 351]","[0, 0, -2, 0]"
1610883556,630189895,,1120,30.0,"[2069, 126, 3843, 351]",33.35881590354163,0,0.07663396495551598,"[-0.011741270365966089, -0.044714422877002925]",rh_l,0.25546875,"[2.349277792745852e-06, 0.00043344174628145993, 0.000734540808480233, 0.0, 0.001790541224181652, 0.001472997129894793, 0.00017384655075147748, 0.0021080852020531893, 0.0009663362288847566]",-0.07554080673928172,"[0.12389635211882921, 0.08433741080530076]",-1.1403520733330665,1610883556,610878452,rh_l,199432,"[0.0, 0.0, 0.0, 0.0, 7.830926188034937e-05, 0.0, 0.0, 3.9154630940174684e-05, 0.0]",0.26373177083333327,-0.6707730696673502,"[0.07250495058510048, -0.13587670013979103]",0.03064614220957228,1610883556,624497890,,1311,"[0, 0, 0, 0]","[14, -7, -13, -9]","[2055, 126, 3856, 351]","[0, 0, -2, 0]"
1610883556,652090072,,1121,30.0,"[2069, 126, 3843, 351]",46.85797276312409,0,-0.07064271136859372,"[0.0020631270877621752, -0.04623450777900736]",rh_l,0.257265625,"[1.2137935300415847e-05, 0.00042326151742599905, 0.0007333662360906601, 7.830926165297569e-07, 0.0017322007333859801, 0.0014776956522837281, 0.00020047170983161777, 0.002148806117475033, 0.001007448649033904]",-0.11606461478727233,"[0.12334262432577034, 0.0893943502089569]",-1.133869773622399,1610883556,636314551,rh_l,199433,"[0.0, 0.0, 0.0, 0.0, 0.0, 0.0, 0.0, 0.00011746388190658763, 1.950053956534248e-05]",0.26202604166666665,-0.2548464570242274,"[0.021769367742234074, -0.1988095503031399]",0.047417254546715214,1610883556,651482105,,1312,"[0, 0, 0, 0]","[15, -7, -14, -9]","[2055, 126, 3856, 351]","[0, 0, -2, 0]"
1610883556,677090883,,1122,30.0,"[2069, 126, 3843, 351]",40.17340165700876,0,-0.07064271136859372,"[0.0020631270877621752, -0.04623450777900736]",rh_l,0.257265625,"[1.2137935300415847e-05, 0.00042326151742599905, 0.0007333662360906601, 7.830926165297569e-07, 0.0017322007333859801, 0.0014776956522837281, 0.00020047170983161777, 0.002148806117475033, 0.001007448649033904]",-0.11606461478727233,"[0.12334262432577034, 0.0893943502089569]",-1.133869773622399,1610883556,636314551,rh_l,199433,"[0.0, 0.0, 0.0, 0.0, 0.0, 0.0, 0.0, 0.00011746388190658763, 1.950053956534248e-05]",0.26202604166666665,-0.2548464570242274,"[0.021769367742234074, -0.1988095503031399]",0.047417254546715214,1610883556,675854921,,1313,"[0, 0, 0, 0]","[19, -7, -10, -9]","[2055, 126, 3855, 351]","[0, 0, -1, 0]"
1610883556,701097011,,1123,30.0,"[2069, 126, 3843, 351]",42.417693995813146,0,0.15235089184315626,"[0.01698565514690708, -0.051223957570255496]",rh_l,0.2509895833333333,"[1.5661852330595138e-06, 0.0004205206932965666, 0.0006722849793732166, 0.0, 0.001738465391099453, 0.0014808280393481255, 0.00014839605137240142, 0.0021260962821543217, 0.000959288387093693]",-0.036620395244714485,"[0.12330822191918896, 0.08827705807369637]",-1.1225625459625646,1610883556,677509201,rh_l,199434,"[0.0, 0.0, 0.0, 0.0, 7.830926188034937e-05, 0.0, 0.0, 0.0, 0.0]",0.2586848958333333,-0.27448291610280695,"[0.0008351183122415774, 0.027122263091458012]",0.08764934111894469,1610883556,699672937,,1314,"[0, 0, 0, 0]","[16, -7, -10, -9]","[2054, 126, 3855, 351]","[0, 0, -2, 0]"
1610883556,724123001,,1124,30.0,"[2069, 126, 3843, 351]",44.16544520259456,0,-0.03279780761044651,"[-0.02007776925497968, -0.03946156030073882]",rh_l,0.251953125,"[0.0, 0.0004506697878241539, 0.0006217755144461989, 0.0, 0.0017854509642347693, 0.0014248369261622429, 0.00015309458831325173, 0.002108868444338441, 0.0010317243868485093]",0.33352001792698244,"[0.12435345145810257, 0.09103875968992249]",-1.1580283600628805,1610883556,706887435,rh_l,199435,"[0.0, 0.0, 0.0, 0.0, 0.0, 0.0, 0.0, 3.9154630940174684e-05, 0.0]",0.2548463541666667,1.2072139564384947,"[-0.03557836522486739, -0.09400502481619954]",0.10729796814863864,1610883556,722718000,,1315,"[0, 0, 0, 0]","[16, -7, -11, -9]","[2055, 126, 3855, 351]","[0, 0, -2, 0]"
1610883556,748122930,,1125,30.0,"[2069, 126, 3843, 351]",41.884820100060914,0,-0.1740989927981772,"[0.027821251729608844, -0.05667745507654851]",rh_l,0.25852864583333335,"[5.090101694804616e-06, 0.0004745541082229465, 0.0007231860072351992, 0.0, 0.0017889749724417925, 0.00143893260974437, 0.00020164634042885154, 0.00214449898339808, 0.0009972683619707823]",-0.11690157116628004,"[0.12134798719286256, 0.08657516998237215]",-1.135683569740633,1610883556,744656297,rh_l,199436,"[0.0, 0.0, 0.0, 0.0, 0.0, 0.0, 0.0, 0.0, 0.0]",0.25484114583333334,-0.5916193694755104,"[0.07957518723333548, 0.11818173678492991]",-0.009710930995709039,1610883556,746946096,,1316,"[0, 0, 0, 0]","[17, -7, -11, -9]","[2055, 126, 3855, 351]","[0, 0, -2, 0]"
1610883556,771121978,,1126,30.0,"[2069, 126, 3843, 351]",43.750367689242616,0,-0.1740989927981772,"[0.027821251729608844, -0.05667745507654851]",rh_l,0.25852864583333335,"[5.090101694804616e-06, 0.0004745541082229465, 0.0007231860072351992, 0.0, 0.0017889749724417925, 0.00143893260974437, 0.00020164634042885154, 0.00214449898339808, 0.0009972683619707823]",-0.11690157116628004,"[0.12134798719286256, 0.08657516998237215]",-1.135683569740633,1610883556,744656297,rh_l,199436,"[0.0, 0.0, 0.0, 0.0, 0.0, 0.0, 0.0, 0.0, 0.0]",0.25484114583333334,-0.5916193694755104,"[0.07957518723333548, 0.11818173678492991]",-0.009710930995709039,1610883556,769526958,,1317,"[0, 0, 0, 0]","[17, -7, -12, -9]","[2055, 126, 3855, 351]","[0, 0, -3, 0]"
1610883556,799117088,,1127,30.0,"[2069, 126, 3843, 351]",35.87941830624465,0,0.2938816574041884,"[-0.010367482032479858, -0.02702276542193599]",rh_l,0.24921875,"[5.090101694804616e-06, 0.0004287431656848639, 0.0006742427358403802, 1.5661852330595138e-06, 0.0017541273264214396, 0.0014667324721813202, 0.00017267190560232848, 0.0020152886863797903, 0.0009757332736626267]",0.04401326727083045,"[0.12510001492760117, 0.08618245260486636]",-1.1399222640641589,1610883556,776335361,rh_l,199437,"[0.0, 0.0, 0.0, 0.0, 0.0, 0.0, 0.0, 7.830926188034937e-05, 0.0]",0.25359114583333336,0.13380112251820228,"[-0.11843871822534303, 0.01239674813327159]",0.03373860749402545,1610883556,798304080,,1318,"[0, 0, 0, 0]","[18, -7, -12, -9]","[2055, 126, 3855, 351]","[0, 0, -3, 0]"
1610883556,823609113,,1128,30.0,"[2069, 126, 3843, 351]",41.05100173235591,0,-0.13813971874600148,"[0.013356856309474138, 0.00550971799540813]",rh_l,0.2531640625,"[5.873193913430441e-06, 0.00043931492837145925, 0.0006973439594730735, 0.0, 0.0017842763336375356, 0.0014119158731773496, 0.00018167747475672513, 0.002119048498570919, 0.0009733840706758201]",0.02858690799210125,"[0.1210904034503788, 0.08721482575440292]",-1.130440863893177,1610883556,804895666,rh_l,199438,"[0.0, 0.0, 0.0, 0.0, 3.9154630940174684e-05, 0.0, 0.0, 0.0, 0.0]",0.25277083333333333,-0.3319782534178734,"[0.14039105945200406, -0.03614713321641932]",0.020239206018543898,1610883556,821710109,,1319,"[0, 0, 0, 0]","[18, -7, -13, -9]","[2056, 126, 3855, 351]","[0, 0, -3, 0]"
1610883556,845072031,,1129,30.0,"[2069, 126, 3843, 351]",47.06566722025226,0,0.36024457096224977,"[0.008288512956436766, -0.01004349190026232]",rh_l,0.24186197916666666,"[0.0, 0.00041817143210209906, 0.0006476175622083247, 0.0, 0.0017631329828873277, 0.0013230348704382777, 0.00014761295460630208, 0.0020199872087687254, 0.0009534152341075242]",0.312215543395017,"[0.1218592578350317, 0.08880369159776963]",-1.1663213312637766,1610883556,836269028,rh_l,199439,"[0.0, 0.0, 0.0, 0.0, 0.0, 0.0, 0.0, 0.0, 0.0]",0.2509453125,1.1436602609117716,"[-0.02450659845294528, -0.05064378638689423]",0.0618179418423626,1610883556,844530105,,1320,"[0, 0, 0, 0]","[15, -7, -13, -9]","[2056, 126, 3855, 351]","[0, 0, -2, 0]"
1610883556,868113994,,1130,30.0,"[2069, 126, 3843, 351]",43.58805312493505,0,0.36024457096224977,"[0.008288512956436766, -0.01004349190026232]",rh_l,0.24186197916666666,"[0.0, 0.00041817143210209906, 0.0006476175622083247, 0.0, 0.0017631329828873277, 0.0013230348704382777, 0.00014761295460630208, 0.0020199872087687254, 0.0009534152341075242]",0.312215543395017,"[0.1218592578350317, 0.08880369159776963]",-1.1663213312637766,1610883556,836269028,rh_l,199439,"[0.0, 0.0, 0.0, 0.0, 0.0, 0.0, 0.0, 0.0, 0.0]",0.2509453125,1.1436602609117716,"[-0.02450659845294528, -0.05064378638689423]",0.0618179418423626,1610883556,866795063,,1321,"[0, 0, 0, 0]","[15, -7, -9, -9]","[2056, 126, 3855, 351]","[0, 0, -2, 0]"
1610883556,890172958,,1131,30.0,"[2069, 126, 3843, 351]",46.17446827249108,0,-0.004016180077855271,"[0.0027122681040600257, 0.050378109410370554]",rh_l,0.24200520833333333,"[7.830926165297569e-07, 0.0004949144786223769, 0.0006448766798712313, 0.0, 0.0017063587438315153, 0.0014115243684500456, 9.123028576141223e-05, 0.002039173152297735, 0.0008884185808710754]",0.2876439701337376,"[0.12412241933252374, 0.08138210788458287]",-1.2049927593742646,1610883556,871932062,rh_l,199440,"[0.0, 0.0, 0.0, 0.0, 0.0, 0.0, 0.0, 0.0, 3.9154630940174684e-05]",0.2489557291666667,1.0843560901320979,"[-0.0634595894867511, 0.2081029817369648]",0.06757426734888085,1610883556,889534950,,1322,"[0, 0, 0, 0]","[16, -7, -10, -9]","[2056, 126, 3854, 351]","[0, 0, -2, 0]"
1610883556,915340900,,1132,30.0,"[2069, 126, 3843, 351]",39.95678806527517,0,0.043239610912685245,"[-0.018382298863021403, -0.015775162630059743]",rh_l,0.24020833333333333,"[0.0, 0.0003978110325988382, 0.0006029813084751368, 0.0, 0.0017881918465718627, 0.0013790259836241603, 0.00011942161654587835, 0.001993362093344331, 0.0009424519375897944]",0.24496984034960248,"[0.12519862780324614, 0.0902163223268492]",-1.1715404130470386,1610883556,913488287,rh_l,199441,"[0.0, 0.0, 0.0, 0.0, 0.0, 0.0, 0.0, 0.0, 0.0]",0.24529166666666669,-0.804990018396186,"[-0.025897647602071666, -0.21258462341722154]",0.11104198809105333,1610883556,913527011,,1323,"[0, 0, 0, 0]","[16, -7, -10, -9]","[2056, 126, 3854, 351]","[0, 0, -2, 0]"
1610883556,938133001,,1133,30.0,"[2069, 126, 3843, 351]",44.105534349138246,0,0.043239610912685245,"[-0.018382298863021403, -0.015775162630059743]",rh_l,0.24020833333333333,"[0.0, 0.0003978110325988382, 0.0006029813084751368, 0.0, 0.0017881918465718627, 0.0013790259836241603, 0.00011942161654587835, 0.001993362093344331, 0.0009424519375897944]",0.24496984034960248,"[0.12519862780324614, 0.0902163223268492]",-1.1715404130470386,1610883556,913488287,rh_l,199441,"[0.0, 0.0, 0.0, 0.0, 0.0, 0.0, 0.0, 0.0, 0.0]",0.24529166666666669,-0.804990018396186,"[-0.025897647602071666, -0.21258462341722154]",0.11104198809105333,1610883556,936783075,,1324,"[0, 0, 0, 0]","[17, -7, -11, -9]","[2056, 126, 3854, 351]","[0, 0, -2, 0]"
1610883556,962975978,,1134,30.0,"[2069, 126, 3843, 351]",40.4742301865308,0,-0.2662953612094922,"[0.03455928484593027, -0.04801222795886319]",rh_l,0.25048177083333334,"[2.7408239020587644e-06, 0.00039272091817110777, 0.0005892771296203136, 0.0, 0.0018073777901008725, 0.0014459805097430944, 0.00017658737488090992, 0.0021593777928501368, 0.0009581137564964592]",-0.10461191004605466,"[0.11955569252704978, 0.09595645296638174]",-1.109269580486474,1610883556,952067395,rh_l,199442,"[0.0, 0.0, 7.830926188034937e-05, 0.0, 0.0, 0.0, 0.0, 0.0, 0.0]",0.24554427083333336,-1.6141076294600833,"[0.14626920031941534, -0.14878857851074562]",-0.0009934156316827925,1610883556,960517883,,1325,"[0, 0, 0, 0]","[17, -7, -11, -9]","[2056, 126, 3854, 351]","[0, 0, -2, 0]"
1610883556,989087104,,1135,30.0,"[2069, 126, 3843, 351]",38.519079062164224,0,0.2611759889709945,"[-0.000957403783839715, 0.006314883450781234]",rh_l,0.243046875,"[3.9154630826487846e-07, 0.0004072081355843693, 0.0006605385569855571, 0.0, 0.0017529526958242059, 0.0013332151575013995, 0.00015935933333821595, 0.0020493532065302134, 0.0009455842664465308]",0.15051574376426255,"[0.12061444796497836, 0.0892528049471155]",-1.1361327463768789,1610883556,980534391,rh_l,199443,"[0.0, 0.0, 7.830926188034937e-05, 0.0, 0.0, 0.0, 0.0, 3.9154630940174684e-05, 0.0]",0.24352083333333335,0.9436600156337124,"[-0.037192383696845875, 0.23548842383180277]",0.0788697259117164,1610883556,987981081,,1326,"[0, 0, 0, 0]","[18, -7, -12, -9]","[2056, 126, 3854, 351]","[0, 0, -2, 0]"
1610883557,13137102,,1136,30.0,"[2069, 126, 3843, 351]",42.6111833550065,0,0.2611759889709945,"[-0.000957403783839715, 0.006314883450781234]",rh_l,0.243046875,"[3.9154630826487846e-07, 0.0004072081355843693, 0.0006605385569855571, 0.0, 0.0017529526958242059, 0.0013332151575013995, 0.00015935933333821595, 0.0020493532065302134, 0.0009455842664465308]",0.15051574376426255,"[0.12061444796497836, 0.0892528049471155]",-1.1361327463768789,1610883556,980534391,rh_l,199443,"[0.0, 0.0, 7.830926188034937e-05, 0.0, 0.0, 0.0, 0.0, 3.9154630940174684e-05, 0.0]",0.24352083333333335,0.9436600156337124,"[-0.037192383696845875, 0.23548842383180277]",0.0788697259117164,1610883557,11537075,,1327,"[0, 0, 0, 0]","[14, -7, -12, -9]","[2057, 126, 3854, 351]","[0, -1, -2, 0]"
1610883557,37107944,,1137,30.0,"[2069, 126, 3843, 351]",41.94975196031365,0,-0.16143010490093218,"[0.009634131014593561, 0.00857270217371264]",rh_l,0.2484375,"[3.915462912118528e-06, 0.0004714217211585492, 0.0005681336624547839, 0.0, 0.0017881918465718627, 0.0014483296545222402, 0.00016249170585069805, 0.002083809347823262, 0.000944409694056958]",0.05057050840586066,"[0.11966438304881706, 0.09056697364480379]",-1.1576355953921746,1610883557,13927326,rh_l,199444,"[0.0, 0.0, 0.00011746388190658763, 0.0, 0.0, 3.9154630940174684e-05, 0.0, 0.0, 0.0]",0.2448359375,0.6439340841197624,"[0.028451075539221098, -0.0393546927722372]",-0.025465209260919986,1610883557,35577058,,1328,"[0, 0, 0, 0]","[15, -7, -12, -9]","[2057, 126, 3854, 351]","[0, -1, -2, 0]"
1610883557,67292928,,1138,30.0,"[2069, 126, 3843, 351]",33.320124881830964,0,-0.2078719851500302,"[-0.024268674660489216, 0.001990180675894332]",rh_l,0.2540364583333333,"[3.915462912118528e-06, 0.0004424473154358566, 0.0006965608336031437, 0.0, 0.0017846679547801614, 0.0014577268157154322, 0.0001409566611982882, 0.0021116090938448906, 0.0010011838749051094]",-0.37108079122520043,"[0.12593944497327375, 0.0858482829318298]",-1.130057200362814,1610883557,40861972,rh_l,199445,"[0.0, 0.0, 3.9154630940174684e-05, 0.0, 0.0, 0.0, 0.0, 0.0, 0.0]",0.24724218750000002,-1.0239004080232077,"[-0.23297361786216497, 0.1751903742478733]",-0.06623637027535498,1610883557,65510988,,1329,"[0, 0, 0, 0]","[15, -7, -13, -9]","[2057, 126, 3854, 351]","[0, -1, -2, 0]"
1610883557,93101024,,1139,30.0,"[2069, 126, 3843, 351]",39.06875192116024,0,0.11498197761869035,"[0.0014007410348670034, 0.022364551073350024]",rh_l,0.2498046875,"[0.0, 0.0004561514069791883, 0.0005595196271315217, 0.0, 0.001824997249059379, 0.001458509941585362, 0.0001507453271187842, 0.0020787192042917013, 0.000983172794803977]",-0.11854225681763128,"[0.12216891917048289, 0.08992293086116386]",-1.1469023858443446,1610883557,77665747,rh_l,199446,"[0.0, 0.0, 0.0, 0.0, 0.0, 0.0, 0.0, 0.0, 0.0]",0.24916145833333334,0.45770265364165985,"[0.10244943087470942, -0.11071277142994312]",-0.05188789693415395,1610883557,91458082,,1330,"[0, 0, 0, 0]","[16, -7, -13, -9]","[2057, 126, 3854, 351]","[0, -1, -2, 0]"
1610883557,119111061,,1140,30.0,"[2069, 126, 3843, 351]",38.62229506989079,0,0.002386581986920121,"[-0.03923741155518395, 0.044374999407483635]",rh_l,0.24973958333333332,"[7.830926165297569e-07, 0.0004103404935449362, 0.0006883383612148464, 0.0, 0.0017357246251776814, 0.0014001695672050118, 0.00015818470274098217, 0.0021307950373739004, 0.0009855219395831227]",0.04139274515100151,"[0.12372169670788022, 0.09097962907790855]",-1.1246852748056597,1610883557,104944997,rh_l,199447,"[0.0, 0.0, 3.9154630940174684e-05, 0.0, 0.0, 0.0, 0.0, 0.0, 0.0]",0.24901302083333335,-0.8144326196169193,"[-0.05692156263083942, -0.03873633684007758]",0.0018484917051285147,1610883557,118500947,,1331,"[0, 0, 0, 0]","[16, -7, -11, -9]","[2058, 126, 3853, 351]","[0, 0, -2, 0]"
1610883557,146716117,,1141,30.0,"[2069, 126, 3843, 351]",36.757961895080015,0,0.22041209069060874,"[-0.0068476926480095955, -0.04012435238355245]",rh_l,0.24080729166666667,"[1.5661852330595138e-06, 0.00037627597339451313, 0.0005841870442964137, 3.9154630826487846e-07, 0.0017451219027861953, 0.0013105053221806884, 0.00014565521269105375, 0.0021022118162363768, 0.0009753417689353228]",-0.10537019018353991,"[0.11866589936504499, 0.09855821965425084]",-1.1331893444627155,1610883557,145470413,rh_l,199448,"[0.0, 0.0, 7.830926188034937e-05, 0.0, 0.00011746388190658763, 0.0, 3.9154630940174684e-05, 0.0, 0.0]",0.24856510416666663,0.20984533896100527,"[0.12475621083902588, -0.1870083351233776]",-0.00630428795094864,1610883557,144462108,,1332,"[0, 0, 0, 0]","[13, -7, -14, -9]","[2057, 126, 3854, 351]","[0, 0, -2, 0]"
1610883557,170130014,,1142,30.0,"[2069, 126, 3843, 351]",42.93527418644883,0,0.22041209069060874,"[-0.0068476926480095955, -0.04012435238355245]",rh_l,0.24080729166666667,"[1.5661852330595138e-06, 0.00037627597339451313, 0.0005841870442964137, 3.9154630826487846e-07, 0.0017451219027861953, 0.0013105053221806884, 0.00014565521269105375, 0.0021022118162363768, 0.0009753417689353228]",-0.10537019018353991,"[0.11866589936504499, 0.09855821965425084]",-1.1331893444627155,1610883557,145470413,rh_l,199448,"[0.0, 0.0, 7.830926188034937e-05, 0.0, 0.00011746388190658763, 0.0, 3.9154630940174684e-05, 0.0, 0.0]",0.24856510416666663,0.20984533896100527,"[0.12475621083902588, -0.1870083351233776]",-0.00630428795094864,1610883557,168591976,,1333,"[0, 0, 0, 0]","[17, -11, -11, -9]","[2058, 126, 3853, 351]","[0, 0, -2, 0]"
1610883557,196120977,,1143,30.0,"[2069, 126, 3843, 351]",38.692127451523035,0,-0.7044877271301743,"[-0.07260310831782181, 0.05484406839999244]",rh_l,0.2588671875,"[1.957731456059264e-06, 0.0004385318316053599, 0.0007051748689264059, 0.0, 0.001806202926672995, 0.0014851350570097566, 0.00012607790995389223, 0.002184436656534672, 0.0010368145303800702]",-0.14954427699935963,"[0.12636490691040264, 0.08739428169034329]",-1.1440347930863966,1610883557,171105914,rh_l,199449,"[0.0, 0.0, 0.00011731034464901313, 0.0, 0.0, 0.0, 0.0, 7.830926188034937e-05, 0.0]",0.2506510416666667,0.42306365004066376,"[-0.30032600280983995, 0.4354874111454872]",-0.11491581239679705,1610883557,192735910,,1334,"[0, 0, 0, 0]","[17, -7, -12, -9]","[2057, 126, 3853, 351]","[0, 0, -2, 0]"
1610883557,222238063,,1144,30.0,"[2069, 126, 3843, 351]",38.54137797952695,0,0.05074910551656473,"[-0.0025780486472316982, -0.0056096259611927764]",rh_l,0.2569921875,"[3.52391657543194e-06, 0.0004718132840935141, 0.0006613216828554869, 3.9154630826487846e-07, 0.001781535567715764, 0.0014424565015360713, 0.00019342386804055423, 0.0021233553998172283, 0.0010501272045075893]",0.010769156200013636,"[0.12203656656461033, 0.09208936804696037]",-1.135820365963867,1610883557,208052378,rh_l,199450,"[0.0, 0.0, 0.0001368108787573874, 0.0, 0.0, 0.0, 0.0, 0.0, 0.0]",0.25124218750000005,-0.22233324202634144,"[0.11715168049078557, -0.12707809755805277]",-0.06319159426347806,1610883557,220513105,,1335,"[0, 0, 0, 0]","[14, -7, -12, -9]","[2058, 126, 3853, 351]","[0, 0, -3, 0]"
1610883557,247102975,,1145,30.0,"[2069, 126, 3843, 351]",40.48087094158978,0,0.05074910551656473,"[-0.0025780486472316982, -0.0056096259611927764]",rh_l,0.2569921875,"[3.52391657543194e-06, 0.0004718132840935141, 0.0006613216828554869, 3.9154630826487846e-07, 0.001781535567715764, 0.0014424565015360713, 0.00019342386804055423, 0.0021233553998172283, 0.0010501272045075893]",0.010769156200013636,"[0.12203656656461033, 0.09208936804696037]",-1.135820365963867,1610883557,208052378,rh_l,199450,"[0.0, 0.0, 0.0001368108787573874, 0.0, 0.0, 0.0, 0.0, 0.0, 0.0]",0.25124218750000005,-0.22233324202634144,"[0.11715168049078557, -0.12707809755805277]",-0.06319159426347806,1610883557,246303081,,1336,"[0, 0, 0, 0]","[14, -7, -13, -9]","[2058, 126, 3853, 351]","[0, 0, -3, 0]"
1610883557,271245002,,1146,30.0,"[2069, 126, 3843, 351]",41.67548339659387,0,0.03423498745701917,"[-0.044370468522914784, 0.03625771521059744]",rh_l,0.2555208333333333,"[3.915462912118528e-06, 0.0004792526306118816, 0.0006601469940505922, 0.0, 0.001806202926672995, 0.0014741717604920268, 0.0001621001574676484, 0.002094381023198366, 0.001003533136099577]",-0.17340543106607087,"[0.12661427697862676, 0.08785070030865998]",-1.1159141946481657,1610883557,251030462,rh_l,199451,"[0.0, 0.0, 0.00011731034464901313, 0.0, 0.0, 0.0, 0.0, 0.0, 0.0]",0.25238541666666664,-0.46317028268876254,"[-0.106512668503706, 0.09862393442900792]",-0.0793409922958123,1610883557,269690036,,1337,"[0, 0, 0, 0]","[15, -7, -13, -9]","[2058, 126, 3853, 351]","[0, 0, -3, 0]"
1610883557,302124023,,1147,30.0,"[2069, 126, 3843, 351]",32.60092028354682,0,-0.12685774534006442,"[-0.017703837393451032, 0.010557185178623928]",rh_l,0.2589453125,"[1.174638896372926e-06, 0.00041699677240103483, 0.0006585808587260544, 4.698555585491704e-06, 0.0018120761960744858, 0.0014616423286497593, 0.0002075195370707661, 0.002148414496332407, 0.0010755776893347502]",-0.2642104883098121,"[0.12455157353332039, 0.09236525655668817]",-1.081672630124979,1610883557,278025102,rh_l,199452,"[0.0, 0.0, 0.0, 0.0, 0.0, 0.0, 0.0, 0.0, 1.950053956534248e-05]",0.25422656250000003,-1.2684579058356253,"[0.07641159301647935, -0.1672389869999451]",-0.10518985776120922,1610883557,297514915,,1338,"[0, 0, 0, 0]","[15, -7, -13, -9]","[2058, 126, 3853, 351]","[0, 0, -2, 0]"
1610883557,326133966,,1148,30.0,"[2069, 126, 3843, 351]",42.043102584150276,0,0.13532157836710812,"[-0.031320456945641416, 0.054220267842525836]",rh_l,0.2539192708333333,"[1.0180203389609233e-05, 0.00044127265573479235, 0.0006668033311143517, 5.481647804117529e-06, 0.0017106656450778246, 0.0014643830945715308, 0.00022709685435984284, 0.002120223129168153, 0.0009894374525174499]",-0.2565911751368932,"[0.12244665108749006, 0.09120246580761428]",-1.0908815557050924,1610883557,315166567,rh_l,199453,"[0.0, 0.0, 3.9154630940174684e-05, 0.0, 0.0, 0.0, 0.0, 0.0, 0.0]",0.2568489583333333,0.24794190482559925,"[0.05667311307807396, 0.031307078196131925]",-0.12220796022590934,1610883557,324729919,,1339,"[0, 0, 0, 0]","[16, -7, -14, -9]","[2058, 126, 3853, 351]","[0, 0, -2, 0]"
1610883557,349080085,,1149,30.0,"[2069, 126, 3843, 351]",43.86154393156673,0,-0.012782885543413804,"[0.0269794540690358, -0.06602696674659503]",rh_l,0.2542447916666667,"[1.0571749953669496e-05, 0.0004271770012564957, 0.0006484006298705935, 1.957731456059264e-06, 0.0016875644214451313, 0.0014675154816359282, 0.00021221808856353164, 0.002178563503548503, 0.0010113640455529094]",-0.3807105385287031,"[0.12267141979192583, 0.09542331835940356]",-1.085851301707443,1610883557,340631931,rh_l,199454,"[0.0, 0.0, 1.950053956534248e-05, 0.0, 0.0, 0.0, 0.0, 0.0, 0.0]",0.2559244791666667,-0.1975331669183856,"[-0.008826447736453866, -0.16574876180011713]",0.016133008091442757,1610883557,348500967,,1340,"[0, 0, 0, 0]","[16, -7, -14, -9]","[2058, 126, 3853, 351]","[0, 0, -2, 0]"
1610883557,379178047,,1150,30.0,"[2069, 126, 3843, 351]",33.36332686372459,0,-0.15334803622396734,"[-0.009336862952043378, -0.0007421047090746591]",rh_l,0.26001302083333333,"[1.957731456059264e-06, 0.0005203649634495378, 0.0006425274186767638, 3.915462912118528e-06, 0.0017662652535364032, 0.001522331964224577, 0.00020282097102608532, 0.0021276625338941813, 0.0010309413773939013]",-0.13680996075915344,"[0.1250949686299478, 0.08792485495374974]",-1.1233601161829616,1610883557,378247210,rh_l,199455,"[0.0, 0.0, 7.815571007085964e-05, 0.0, 0.0, 0.0, 3.9154630940174684e-05, 0.0, 0.0]",0.2565286458333333,0.9971696468214069,"[-0.06442990461461033, 0.1993462126295491]",-0.024686420256663656,1610883557,377548933,,1341,"[0, 0, 0, 0]","[16, -7, -11, -9]","[2058, 126, 3852, 351]","[0, 0, -2, 0]"
1610883557,402091979,,1151,30.0,"[2069, 126, 3843, 351]",43.905621270804986,0,-0.15334803622396734,"[-0.009336862952043378, -0.0007421047090746591]",rh_l,0.26001302083333333,"[1.957731456059264e-06, 0.0005203649634495378, 0.0006425274186767638, 3.915462912118528e-06, 0.0017662652535364032, 0.001522331964224577, 0.00020282097102608532, 0.0021276625338941813, 0.0010309413773939013]",-0.13680996075915344,"[0.1250949686299478, 0.08792485495374974]",-1.1233601161829616,1610883557,378247210,rh_l,199455,"[0.0, 0.0, 7.815571007085964e-05, 0.0, 0.0, 0.0, 3.9154630940174684e-05, 0.0, 0.0]",0.2565286458333333,0.9971696468214069,"[-0.06442990461461033, 0.1993462126295491]",-0.024686420256663656,1610883557,401518106,,1342,"[0, 0, 0, 0]","[17, -7, -11, -9]","[2059, 126, 3853, 351]","[0, 0, -2, 0]"
1610883557,427516937,,1152,30.0,"[2069, 126, 3843, 351]",39.97621044605414,0,0.1850490798908157,"[-0.0018690631469731379, -0.025271105918107512]",rh_l,0.2522786458333333,"[1.4878758520353585e-05, 0.00040407574851997197, 0.0006781581323593855, 0.0, 0.0017646990017965436, 0.001472997129894793, 0.00015426923346240073, 0.0021002544090151787, 0.0009968768572434783]",-0.10675020108907378,"[0.1279861751152074, 0.08892884792626725]",-1.1102832319957647,1610883557,420043554,rh_l,199456,"[0.0, 0.0, 3.900107913068496e-05, 0.0, 0.0, 0.0, 0.0, 0.0, 0.0]",0.25588020833333336,-0.31287148433836415,"[-0.0691736694783548, -0.024021071616156336]",0.005476398230095653,1610883557,424810886,,1343,"[0, 0, 0, 0]","[17, -7, -11, -9]","[2059, 126, 3852, 351]","[0, 0, -3, 0]"
1610883557,452125072,,1153,30.0,"[2069, 126, 3843, 351]",41.72938554600446,0,0.08270944165439319,"[0.02930596532936338, -0.06782660506241589]",rh_l,0.24990885416666667,"[3.915462912118528e-06, 0.0003657042107079178, 0.0005685251671820879, 2.7408239020587644e-06, 0.0017650906229391694, 0.0014596845721825957, 0.0002243560302304104, 0.0021323610562831163, 0.0009925698395818472]",-0.25268081358056893,"[0.12133069348199865, 0.09981708360935164]",-1.053033338549232,1610883557,448695563,rh_l,199457,"[0.0, 0.0, 3.9154630940174684e-05, 0.0, 0.0, 0.0, 0.0, 0.0, 0.0]",0.2540729166666667,-1.9981109682931009,"[0.23228673539816194, -0.380016482721487]",0.04738983562898717,1610883557,450674057,,1344,"[0, 0, 0, 0]","[15, -7, -16, -9]","[2059, 126, 3852, 351]","[0, 0, -3, 0]"
1610883557,475109100,,1154,30.0,"[2069, 126, 3843, 351]",43.71981320880587,0,0.08270944165439319,"[0.02930596532936338, -0.06782660506241589]",rh_l,0.24990885416666667,"[3.915462912118528e-06, 0.0003657042107079178, 0.0005685251671820879, 2.7408239020587644e-06, 0.0017650906229391694, 0.0014596845721825957, 0.0002243560302304104, 0.0021323610562831163, 0.0009925698395818472]",-0.25268081358056893,"[0.12133069348199865, 0.09981708360935164]",-1.053033338549232,1610883557,448695563,rh_l,199457,"[0.0, 0.0, 3.9154630940174684e-05, 0.0, 0.0, 0.0, 0.0, 0.0, 0.0]",0.2540729166666667,-1.9981109682931009,"[0.23228673539816194, -0.380016482721487]",0.04738983562898717,1610883557,474528074,,1345,"[0, 0, 0, 0]","[15, -7, -12, -9]","[2059, 126, 3852, 351]","[0, 0, -3, 0]"
1610883557,498100996,,1155,30.0,"[2069, 126, 3843, 351]",43.67974672998417,0,0.2771386119217166,"[-0.047453189065464814, -0.008102664877593767]",rh_l,0.240625,"[0.0, 0.0004291347286198288, 0.0005955419037491083, 0.0, 0.0017079247627407312, 0.0014279693132266402, 0.00014134820958133787, 0.0019181851530447602, 0.0010156710632145405]",0.3597827448628777,"[0.132288961038961, 0.08876488095238091]",-1.1639235824890433,1610883557,482194519,rh_l,199458,"[0.0, 3.9154630940174684e-05, 7.830926188034937e-05, 0.0, 0.0, 0.0, 0.0, 3.9154630940174684e-05, 0.0]",0.25141406250000004,3.310259697042832,"[-0.327122658896067, 0.32992677912024254]",0.07575324233990888,1610883557,497515916,,1346,"[0, 0, 0, 0]","[15, -7, -12, -9]","[2059, 126, 3852, 351]","[0, 0, -3, 0]"
1610883557,524581909,,1156,30.0,"[2069, 126, 3843, 351]",37.93347200868228,0,0.24421741993087703,"[0.01965952171791068, -0.03192772785004014]",rh_l,0.23291666666666666,"[2.7408239020587644e-06, 0.0003488677612040192, 0.0005152748781256378, 0.0, 0.0017204543109983206, 0.0013285165186971426, 0.00013664965808857232, 0.0019996268674731255, 0.0009518490405753255]",0.16953480177580382,"[0.1219760254280603, 0.09775647680807568]",-1.1276643987502943,1610883557,513757924,rh_l,199459,"[0.0, 3.9154630940174684e-05, 1.950053956534248e-05, 0.0, 0.0, 0.0, 0.0, 0.0, 0.0]",0.24714843749999998,-1.1487728823537549,"[0.3267371061804236, -0.284874076662349]",0.12715330343476702,1610883557,522550106,,1347,"[0, 0, 0, 0]","[16, -7, -13, -9]","[2059, 126, 3852, 351]","[0, 0, -2, 0]"
1610883557,549109935,,1157,30.0,"[2069, 126, 3843, 351]",40.99883678875497,0,-0.27034996893494584,"[0.02166383412312032, -0.05198178506201304]",rh_l,0.23990885416666666,"[0.0, 0.0003970279358327389, 0.0004992215544916689, 0.0, 0.0017928904853761196, 0.0014072173507884145, 0.00012646944378502667, 0.0020286014769226313, 0.0009628122788853943]",-0.013265656848899157,"[0.12338321380112427, 0.09519402985074622]",-1.129815394858137,1610883557,539621391,rh_l,199460,"[0.0, 3.9154630940174684e-05, 3.900107913068496e-05, 0.0, 0.00011746388190658763, 0.0, 0.0, 0.0, 0.0]",0.24312760416666665,0.08316735369789173,"[-0.05440834258856217, 0.09907592656968463]",0.10375291689257135,1610883557,547519922,,1348,"[0, 0, 0, 0]","[16, -7, -13, -9]","[2059, 126, 3852, 351]","[0, 0, -2, 0]"
1610883557,573179006,,1158,30.0,"[2069, 126, 3843, 351]",41.77260776033782,0,-0.27034996893494584,"[0.02166383412312032, -0.05198178506201304]",rh_l,0.23990885416666666,"[0.0, 0.0003970279358327389, 0.0004992215544916689, 0.0, 0.0017928904853761196, 0.0014072173507884145, 0.00012646944378502667, 0.0020286014769226313, 0.0009628122788853943]",-0.013265656848899157,"[0.12338321380112427, 0.09519402985074622]",-1.129815394858137,1610883557,539621391,rh_l,199460,"[0.0, 3.9154630940174684e-05, 3.900107913068496e-05, 0.0, 0.00011746388190658763, 0.0, 0.0, 0.0, 0.0]",0.24312760416666665,0.08316735369789173,"[-0.05440834258856217, 0.09907592656968463]",0.10375291689257135,1610883557,571572065,,1349,"[0, 0, 0, 0]","[17, -7, -13, -9]","[2059, 126, 3852, 351]","[0, 0, -2, 0]"
1610883557,598109006,,1159,30.0,"[2069, 126, 3843, 351]",40.31937862285753,0,-0.2384028301554973,"[0.0357865132148338, -0.05082465398968439]",rh_l,0.25029947916666667,"[1.5661852330595138e-06, 0.00044949512812308967, 0.0005790969589725137, 0.0, 0.0017106656450778246, 0.0014448057627305388, 0.00020321251940913498, 0.0021221807692199945, 0.0010156710632145405]",-0.02488591070372609,"[0.1233204643247301, 0.0959888080498807]",-1.1136468000243815,1610883557,583205710,rh_l,199461,"[0.0, 0.0, 0.0, 0.0, 0.00011746388190658763, 0.0, 0.0, 0.0, 0.0]",0.24273177083333333,-0.37097275361249865,"[0.0014397259802126296, -0.018235416254513064]",0.019062534883308734,1610883557,597146987,,1350,"[0, 0, 0, 0]","[17, -7, -10, -9]","[2059, 126, 3852, 351]","[0, 0, -2, 0]"
1610883557,623136997,,1160,30.0,"[2069, 126, 3843, 351]",40.12996804378193,0,0.1592220100158827,"[-0.04640533350137814, 0.038003742013750084]",rh_l,0.24541666666666667,"[3.9154630826487846e-07, 0.0004130813176743686, 0.0005990657955408096, 0.0, 0.0017204543109983206, 0.0014126989990472794, 0.00016797335410956293, 0.0020207702182233334, 0.0010454285657033324]",0.4521917440699788,"[0.12879975897404808, 0.0940222911108416]",-1.1255233142603303,1610883557,613872403,rh_l,199462,"[0.0, 3.9154630940174684e-05, 0.0, 0.0, 0.00011746388190658763, 0.0, 0.0, 0.0, 0.0]",0.2418333333333333,0.38727730557542384,"[-0.1786724981828978, 0.06412549729568533]",0.03436504855560664,1610883557,622519016,,1351,"[0, 0, 0, 0]","[17, -7, -10, -9]","[2059, 126, 3852, 351]","[0, 0, -2, 0]"
1610883557,647274017,,1161,30.0,"[2069, 126, 3843, 351]",41.69454053839119,0,0.1592220100158827,"[-0.04640533350137814, 0.038003742013750084]",rh_l,0.24541666666666667,"[3.9154630826487846e-07, 0.0004130813176743686, 0.0005990657955408096, 0.0, 0.0017204543109983206, 0.0014126989990472794, 0.00016797335410956293, 0.0020207702182233334, 0.0010454285657033324]",0.4521917440699788,"[0.12879975897404808, 0.0940222911108416]",-1.1255233142603303,1610883557,613872403,rh_l,199462,"[0.0, 3.9154630940174684e-05, 0.0, 0.0, 0.00011746388190658763, 0.0, 0.0, 0.0, 0.0]",0.2418333333333333,0.38727730557542384,"[-0.1786724981828978, 0.06412549729568533]",0.03436504855560664,1610883557,645637035,,1352,"[0, 0, 0, 0]","[18, -7, -10, -9]","[2059, 126, 3851, 351]","[0, 0, -3, 0]"
1610883557,676143884,,1162,30.0,"[2069, 126, 3843, 351]",34.838148080469125,0,-0.07040843887731653,"[0.06612572972043065, -0.068017330764052]",rh_l,0.248125,"[7.830926165297569e-07, 0.0004205206932965666, 0.0005137087428011, 3.9154630826487846e-07, 0.0017447302816435695, 0.0014385409886017442, 0.00022318137052934617, 0.0020971219055354595, 0.0010223273420706391]",-0.5896309666135922,"[0.11973975200911602, 0.10172236715845032]",-1.0524819391588314,1610883557,652338436,rh_l,199463,"[0.0, 0.0, 0.0, 0.0, 7.830926188034937e-05, 0.0, 0.0, 0.0, 0.0]",0.24333333333333332,-1.8988538563750228,"[0.235532657212977, -0.2001785847687679]",-0.03514436160419998,1610883557,671127080,,1353,"[0, 0, 0, 0]","[18, -7, -11, -9]","[2059, 126, 3852, 351]","[0, 0, -2, 0]"
1610883557,700125932,,1163,30.0,"[2069, 126, 3843, 351]",42.0005807956901,0,0.027017890598726002,"[-0.04255781904195327, 0.05441957708866887]",rh_l,0.24744791666666666,"[2.7408239020587644e-06, 0.000455368310213089, 0.0006162938661873341, 7.830926165297569e-07, 0.0017106656450778246, 0.0014099582331255078, 0.00016875645087566227, 0.0020575758535414934, 0.0010188034502789378]",0.18347357340300885,"[0.1251698890459152, 0.09351978530835611]",-1.1205651973872752,1610883557,677398991,rh_l,199464,"[0.0, 0.0, 0.0, 0.0, 3.9154630940174684e-05, 3.9154630940174684e-05, 0.0, 0.0, 0.0]",0.24623958333333335,2.71674981772925,"[-0.21668063763149603, 0.32731046260125535]",-0.07858426747063019,1610883557,698563098,,1354,"[0, 0, 0, 0]","[15, -7, -11, -9]","[2060, 126, 3851, 351]","[0, 0, -3, 0]"
1610883557,726268053,,1164,30.0,"[2069, 126, 3843, 351]",38.450926825690765,0,0.23349319869772794,"[-0.04393742237662307, 0.011625215693501676]",rh_l,0.23783854166666665,"[1.957731456059264e-06, 0.00038136608782224357, 0.00046946402289904654, 0.0, 0.0017263275803998113, 0.00149727298412472, 0.0001041513096424751, 0.0020094155333936214, 0.0009620292112231255]",0.03565194091966069,"[0.1276929423910153, 0.09824830676823453]",-1.0935700590109212,1610883557,718553830,rh_l,199465,"[0.0, 7.830926188034937e-05, 0.0, 0.0, 0.0, 0.0, 0.0, 0.0, 0.0]",0.24582552083333337,-0.6559408087188492,"[-0.06130635926191116, -0.11489588040615133]",0.02218436605590457,1610883557,725116968,,1355,"[0, 0, 0, 0]","[15, -7, -11, -9]","[2060, 126, 3851, 351]","[0, 0, -3, 0]"
1610883557,750132083,,1165,30.0,"[2069, 126, 3843, 351]",42.1834858694559,0,0.23349319869772794,"[-0.04393742237662307, 0.011625215693501676]",rh_l,0.23783854166666665,"[1.957731456059264e-06, 0.00038136608782224357, 0.00046946402289904654, 0.0, 0.0017263275803998113, 0.00149727298412472, 0.0001041513096424751, 0.0020094155333936214, 0.0009620292112231255]",0.03565194091966069,"[0.1276929423910153, 0.09824830676823453]",-1.0935700590109212,1610883557,718553830,rh_l,199465,"[0.0, 7.830926188034937e-05, 0.0, 0.0, 0.0, 0.0, 0.0, 0.0, 0.0]",0.24582552083333337,-0.6559408087188492,"[-0.06130635926191116, -0.11489588040615133]",0.02218436605590457,1610883557,748542070,,1356,"[0, 0, 0, 0]","[19, -7, -12, -9]","[2060, 126, 3851, 351]","[0, 0, -3, 0]"
1610883557,774116039,,1166,30.0,"[2069, 126, 3843, 351]",41.90030169227388,0,-0.15911099545730992,"[-0.011136126020596415, -0.02912757558466955]",rh_l,0.24295572916666666,"[5.090101694804616e-06, 0.0003598310286179185, 0.0004729878855869174, 0.0, 0.0017079247627407312, 0.0014107413589954376, 0.00017384655075147748, 0.0021135667338967323, 0.001061873510479927]",-0.08749061384873413,"[0.1223720073805823, 0.10538805478780822]",-1.0618371493335657,1610883557,750714948,rh_l,199466,"[0.0, 3.9154630940174684e-05, 1.950053956534248e-05, 0.0, 0.0, 0.0, 0.0, 0.0, 0.0]",0.24435677083333332,-0.9866855274544726,"[0.1654462077603459, -0.2219993726453692]",0.03804273299554205,1610883557,772612094,,1357,"[0, 0, 0, 0]","[16, -7, -12, -9]","[2060, 126, 3851, 351]","[1, 0, -3, 0]"
1610883557,797091960,,1167,30.0,"[2069, 126, 3843, 351]",43.74261101724965,0,-0.0515304313945515,"[0.04597003300197696, -0.022794587247864827]",rh_l,0.24453125,"[1.5661852330595138e-06, 0.0003919378505088389, 0.0005207565263845026, 0.0, 0.0017259359592571855, 0.0014009526930749416, 0.0002145673643099144, 0.0021155246067792177, 0.0009819980477914214]",-0.09885973133406423,"[0.11910486079415789, 0.10245930321010194]",-1.0719399573607573,1610883557,781289519,rh_l,199467,"[0.0, 0.0, 0.0, 0.0, 0.0, 0.0, 0.0, 0.0, 0.0]",0.24417968750000002,0.33043171814877326,"[0.10685829692996908, 0.09579043897970896]",-0.004107755286544797,1610883557,796518087,,1358,"[0, 0, 0, 0]","[16, -7, -12, -9]","[2060, 126, 3851, 351]","[1, 0, -3, 0]"
1610883557,823123931,,1168,30.0,"[2069, 126, 3843, 351]",38.550588235294114,0,-0.08635832604187535,"[-0.07083584113202779, 0.07410075351424109]",rh_l,0.2469921875,"[0.0, 0.0004498866619542241, 0.0005845786072313786, 7.830926165297569e-07, 0.0016879560425877571, 0.0014557690592482686, 0.00016444943321403116, 0.002050919458270073, 0.001032899133861065]",0.5463598937469041,"[0.1290359082111415, 0.09435771145402652]",-1.109762195736843,1610883557,809786337,rh_l,199468,"[0.0, 3.9154630940174684e-05, 1.950053956534248e-05, 0.0, 0.0, 0.0, 0.0, 0.0, 0.0]",0.243953125,1.3272442690298187,"[-0.34849671345704675, 0.2842981190417616]",-0.007297732719456563,1610883557,822503089,,1359,"[0, 0, 0, 0]","[16, -7, -12, -9]","[2060, 126, 3851, 351]","[1, 0, -3, 0]"
1610883557,847616910,,1169,30.0,"[2069, 126, 3843, 351]",41.06265664160401,0,-0.08635832604187535,"[-0.07083584113202779, 0.07410075351424109]",rh_l,0.2469921875,"[0.0, 0.0004498866619542241, 0.0005845786072313786, 7.830926165297569e-07, 0.0016879560425877571, 0.0014557690592482686, 0.00016444943321403116, 0.002050919458270073, 0.001032899133861065]",0.5463598937469041,"[0.1290359082111415, 0.09435771145402652]",-1.109762195736843,1610883557,809786337,rh_l,199468,"[0.0, 3.9154630940174684e-05, 1.950053956534248e-05, 0.0, 0.0, 0.0, 0.0, 0.0, 0.0]",0.243953125,1.3272442690298187,"[-0.34849671345704675, 0.2842981190417616]",-0.007297732719456563,1610883557,845523118,,1360,"[0, 0, 0, 0]","[17, -7, -13, -9]","[2060, 126, 3851, 351]","[1, 0, -3, 0]"
1610883557,871260881,,1170,30.0,"[2069, 126, 3843, 351]",43.3708069652976,0,0.018257245554857308,"[-0.0001934755739259275, 0.01251724060994853]",rh_l,0.24623697916666668,"[7.830926165297569e-07, 0.00042404464329592884, 0.0005509055918082595, 0.0, 0.0017791863065212965, 0.001409566611982882, 0.0001789366506272927, 0.00206579826772213, 0.0009953106055036187]",0.05725699767112861,"[0.1233883151907053, 0.09355552701753322]",-1.1209818064084527,1610883557,851151193,rh_l,199469,"[3.9154630940174684e-05, 0.0, 0.0, 0.0, 0.0, 0.0, 0.0, 0.0, 0.0]",0.2437109375,0.2712353373503728,"[0.13653119015901327, 0.0193928980797926]",-0.009049861728230302,1610883557,869729995,,1361,"[0, 0, 0, 0]","[17, -7, -13, -9]","[2060, 126, 3851, 351]","[1, 0, -3, 0]"
1610883557,900176048,,1171,30.0,"[2069, 126, 3843, 351]",35.24595591633684,0,0.2125115406080307,"[0.027072890242766778, -0.034004234053888624]",rh_l,0.2406640625,"[1.174638896372926e-06, 0.00039820256642997265, 0.00047416254528798163, 3.1323704661190277e-06, 0.001723586698062718, 0.0013786344788968563, 0.0001769789232639596, 0.0020724544301629066, 0.0010086232796311378]",-0.006418094955204889,"[0.1214208423184239, 0.10266847527844121]",-1.0954312721905708,1610883557,877375259,rh_l,199470,"[0.0, 0.0, 0.0, 0.0, 0.0, 0.0, 0.0, 0.0, 0.0]",0.24427604166666667,-0.9743162718505167,"[0.07502546982155238, -0.3475032537253371]",-0.013246193346169749,1610883557,898749113,,1362,"[0, 0, 0, 0]","[17, -7, -13, -9]","[2060, 126, 3851, 351]","[1, 0, -3, 0]"
1610883557,923126935,,1172,30.0,"[2069, 126, 3843, 351]",44.41848200196978,0,0.15351389619224956,"[0.002111655471157095, 0.018005952889286796]",rh_l,0.23403645833333334,"[3.1323704661190277e-06, 0.00040250958409160376, 0.0004385318316053599, 0.0, 0.0017549105687066913, 0.0013195109786465764, 0.0001671902573434636, 0.0020055000204592943, 0.0009463673923164606]",0.21577818486882508,"[0.11966630370853133, 0.1010256878983929]",-1.100797456343172,1610883557,920547925,rh_l,199471,"[0.0, 0.0, 3.9154630940174684e-05, 0.0, 7.830926188034937e-05, 0.0, 0.0, 0.0, 0.0]",0.24249218750000004,0.12429587166567731,"[0.04064003390229751, 0.03805156207050788]",0.04927878498374215,1610883557,922581911,,1363,"[0, 0, 0, 0]","[18, -7, -14, -9]","[2060, 126, 3851, 351]","[1, 0, -2, 0]"
1610883557,953176975,,1173,30.0,"[2069, 126, 3843, 351]",33.438067525012954,0,0.15351389619224956,"[0.002111655471157095, 0.018005952889286796]",rh_l,0.23403645833333334,"[3.1323704661190277e-06, 0.00040250958409160376, 0.0004385318316053599, 0.0, 0.0017549105687066913, 0.0013195109786465764, 0.0001671902573434636, 0.0020055000204592943, 0.0009463673923164606]",0.21577818486882508,"[0.11966630370853133, 0.1010256878983929]",-1.100797456343172,1610883557,920547925,rh_l,199471,"[0.0, 0.0, 3.9154630940174684e-05, 0.0, 7.830926188034937e-05, 0.0, 0.0, 0.0, 0.0]",0.24249218750000004,0.12429587166567731,"[0.04064003390229751, 0.03805156207050788]",0.04927878498374215,1610883557,946114063,,1364,"[0, 0, 0, 0]","[18, -7, -14, -9]","[2060, 126, 3850, 351]","[1, 0, -2, 0]"
1610883557,977123022,,1174,30.0,"[2069, 126, 3843, 351]",42.02919985971241,0,-0.08178315753579275,"[-0.004851672110180056, -0.03717318575564115]",rh_l,0.23678385416666667,"[2.349277792745852e-06, 0.00040564194205217063, 0.00037862526369281113, 0.0, 0.0017392486333847046, 0.001375502091832459, 0.0001832436682889238, 0.002056009601801634, 0.0009796487865969539]",0.22819054538688222,"[0.11724616049334224, 0.10707608311402643]",-1.1139827514085634,1610883557,954141588,rh_l,199472,"[0.0, 0.0, 0.0, 0.0, 0.0, 3.9154630940174684e-05, 0.0, 0.0, 0.0]",0.2409427083333333,0.39249352073905885,"[0.0720416590232833, -0.1801052542449308]",0.04322823975549389,1610883557,975631952,,1365,"[0, 0, 0, 0]","[18, -7, -10, -9]","[2060, 126, 3850, 351]","[1, 0, -3, 0]"
1610883558,5373954,,1175,30.0,"[2069, 126, 3843, 351]",36.11016504093738,0,-0.07911584776636815,"[0.020202413864950537, -0.005897789490985295]",rh_l,0.2391015625,"[0.0, 0.00044636274105869234, 0.0005599111900664866, 0.0, 0.001747079542838037, 0.0013077645562589169, 0.00012764408893417567, 0.002036040648818016, 0.0009651615982875228]",0.16263117706242516,"[0.12378560148123949, 0.09416645272714541]",-1.1432616847276058,1610883557,983436709,rh_l,199473,"[0.0, 0.0, 0.0, 0.0, 0.0, 7.830926188034937e-05, 0.0, 0.0, 0.0]",0.23936458333333333,0.9994474274075335,"[-0.22322628358139376, 0.44067510036504093]",0.04467673541059534,1610883557,999531030,,1366,"[0, 0, 0, 0]","[15, -7, -11, -9]","[2060, 126, 3851, 350]","[1, 0, -3, 0]"
1610883558,31261920,,1176,30.0,"[2069, 126, 3843, 351]",39.60552208645729,0,-0.03176871254938956,"[0.001956667446382601, -0.04180095758353409]",rh_l,0.24014322916666667,"[3.915462912118528e-06, 0.0004263939044903964, 0.0005297621246427298, 0.0, 0.001733375363983214, 0.0013253841316327453, 0.0002008632436627522, 0.0020011928863823414, 0.0010004007490351796]",0.033107983297210666,"[0.12230017583132582, 0.09941673573403774]",-1.1309205123499824,1610883558,16225783,rh_l,199474,"[0.0, 0.0, 3.900107913068496e-05, 0.0, 3.9154630940174684e-05, 0.0, 0.0, 0.0, 0.0]",0.23814583333333336,-0.3763806314756996,"[0.0453024580661736, -0.16012294238295136]",0.03467154378974596,1610883558,27718067,,1367,"[0, 0, 0, 0]","[15, -7, -11, -9]","[2060, 126, 3850, 351]","[1, 0, -3, 0]"
1610883558,57101964,,1177,30.0,"[2069, 126, 3843, 351]",39.64295570972193,0,0.26813373349874847,"[-0.02838212649082742, 0.046374476375132666]",rh_l,0.23111979166666666,"[7.830926165297569e-07, 0.0003590479609556496, 0.00047063862439244986, 0.0, 0.0018136423313990235, 0.0013367390492931008, 0.00011903006816282868, 0.001903698081150651, 0.0009463673923164606]",0.21474211667071294,"[0.1248802816901408, 0.09627444668008046]",-1.1286945308418905,1610883558,49878533,rh_l,199475,"[0.0, 0.0, 1.950053956534248e-05, 0.0, 0.0, 0.0, 0.0, 3.9154630940174684e-05, 0.0]",0.23623697916666667,-0.06614560498300538,"[-0.07666849986449775, 0.09337391606799668]",0.045795982367889516,1610883558,56502103,,1368,"[0, 0, 0, 0]","[19, -7, -15, -9]","[2060, 126, 3850, 351]","[1, 0, -3, 0]"
1610883558,81262111,,1178,30.0,"[2069, 126, 3843, 351]",42.13348334471812,0,0.08917064680108393,"[-0.022312013618653585, -0.02114880077227419]",rh_l,0.2284375,"[0.0, 0.00038684773608110845, 0.00039272091817110777, 0.0, 0.001713015022687614, 0.0013187279691919684, 0.00011472305777715519, 0.00196791160851717, 0.0009753417689353228]",0.23113620621469738,"[0.1227448537554557, 0.10528548628753823]",-1.1348991110423257,1610883558,79958966,rh_l,199476,"[0.0, 0.0, 0.0, 0.0, 0.0, 0.0, 0.0, 0.0, 0.0]",0.2351171875,0.20626631938559953,"[0.0709905982631667, -0.2995648236665264]",0.03292733248965639,1610883558,79556941,,1369,"[0, 0, 0, 0]","[16, -7, -11, -9]","[2061, 126, 3850, 352]","[1, 0, -3, 0]"
1610883558,105119943,,1179,30.0,"[2069, 126, 3843, 351]",42.63110605167402,0,0.08917064680108393,"[-0.022312013618653585, -0.02114880077227419]",rh_l,0.2284375,"[0.0, 0.00038684773608110845, 0.00039272091817110777, 0.0, 0.001713015022687614, 0.0013187279691919684, 0.00011472305777715519, 0.00196791160851717, 0.0009753417689353228]",0.23113620621469738,"[0.1227448537554557, 0.10528548628753823]",-1.1348991110423257,1610883558,79958966,rh_l,199476,"[0.0, 0.0, 0.0, 0.0, 0.0, 0.0, 0.0, 0.0, 0.0]",0.2351171875,0.20626631938559953,"[0.0709905982631667, -0.2995648236665264]",0.03292733248965639,1610883558,103559017,,1370,"[0, 0, 0, 0]","[16, -7, -12, -9]","[2061, 126, 3850, 351]","[1, 0, -4, 0]"
1610883558,129574060,,1180,30.0,"[2069, 126, 3843, 351]",41.64238200194595,0,0.08917064680108393,"[-0.022312013618653585, -0.02114880077227419]",rh_l,0.2284375,"[0.0, 0.00038684773608110845, 0.00039272091817110777, 0.0, 0.001713015022687614, 0.0013187279691919684, 0.00011472305777715519, 0.00196791160851717, 0.0009753417689353228]",0.23113620621469738,"[0.1227448537554557, 0.10528548628753823]",-1.1348991110423257,1610883558,79958966,rh_l,199476,"[0.0, 0.0, 0.0, 0.0, 0.0, 0.0, 0.0, 0.0, 0.0]",0.2351171875,0.20626631938559953,"[0.0709905982631667, -0.2995648236665264]",0.03292733248965639,1610883558,127712965,,1371,"[0, 0, 0, 0]","[16, -7, -12, -9]","[2061, 126, 3850, 351]","[1, 0, -4, 0]"
1610883558,154280900,,1181,30.0,"[2069, 126, 3843, 351]",41.3513028561288,0,-0.32311972306155984,"[0.023055060735464088, -0.14846670003362733]",rh_l,0.22783854166666667,"[0.0, 0.0003700112283695489, 0.0003582648350857198, 0.0, 0.0016762096202000976, 0.0013195109786465764, 0.00016092552687041461, 0.001962038455531001, 0.0010043162619695067]",-0.6482593984336834,"[0.12181086001665499, 0.10975866629655633]",-1.095456851559877,1610883558,151397271,rh_l,199478,"[0.0, 0.0, 0.0, 0.0, 0.0, 3.9154630940174684e-05, 0.0, 0.0, 0.0]",0.22963802083333335,-4.021803793909847,"[0.10343490720850851, -0.5203984346783245]",0.03213917237279801,1610883558,152237892,,1372,"[0, 0, 0, 0]","[17, -7, -12, -9]","[2061, 126, 3851, 351]","[1, 0, -4, 0]"
1610883558,178220033,,1182,30.0,"[2069, 126, 3843, 351]",42.46106499291354,0,-0.32311972306155984,"[0.023055060735464088, -0.14846670003362733]",rh_l,0.22783854166666667,"[0.0, 0.0003700112283695489, 0.0003582648350857198, 0.0, 0.0016762096202000976, 0.0013195109786465764, 0.00016092552687041461, 0.001962038455531001, 0.0010043162619695067]",-0.6482593984336834,"[0.12181086001665499, 0.10975866629655633]",-1.095456851559877,1610883558,151397271,rh_l,199478,"[0.0, 0.0, 0.0, 0.0, 0.0, 3.9154630940174684e-05, 0.0, 0.0, 0.0]",0.22963802083333335,-4.021803793909847,"[0.10343490720850851, -0.5203984346783245]",0.03213917237279801,1610883558,176584005,,1373,"[0, 0, 0, 0]","[17, -7, -16, -9]","[2061, 126, 3850, 351]","[1, 0, -4, 0]"
1610883558,207010984,,1183,30.0,"[2069, 126, 3843, 351]",35.295784840911196,0,-0.19135620493249417,"[0.01971260435622871, -0.08629223845090636]",rh_l,0.23459635416666666,"[0.0, 0.0003848899796139449, 0.00045810913434252143, 0.0, 0.0017157559050247073, 0.0013336066622287035, 0.00016953953308984637, 0.0020332997664809227, 0.000959288387093693]",-0.6416909787383077,"[0.12080118776710884, 0.10443489878606717]",-1.083324665967306,1610883558,186712627,rh_l,199479,"[0.0, 3.9154630940174684e-05, 0.0, 0.0, 0.0, 0.0, 0.0, 0.0, 0.0]",0.22852864583333332,-0.34353853299882126,"[0.028590176169996723, 0.15074936553065352]",0.000221673896177077,1610883558,202111005,,1374,"[0, 0, 0, 0]","[17, -7, -13, -9]","[2061, 126, 3850, 351]","[1, 0, -4, 0]"
1610883558,232238054,,1184,30.0,"[2069, 126, 3843, 351]",40.72179341547005,0,0.3307895264897897,"[0.03180979355239231, -0.10525638791886213]",rh_l,0.22432291666666668,"[0.0, 0.0003704027913045138, 0.00037314361543394625, 0.0, 0.0016812997637316585, 0.0013246011221781373, 0.00014487213047686964, 0.0019181851530447602, 0.0009330547763966024]",-0.37231916036304086,"[0.12130377458622174, 0.10447983349364824]",-1.1231001996809218,1610883558,217769951,rh_l,199480,"[0.0, 0.0, 0.0, 0.0, 0.0, 7.830926188034937e-05, 0.0, 0.0, 0.0]",0.22716927083333335,1.2807134868933288,"[-0.0161825538836798, -0.0014468312717822547]",0.012752832494385325,1610883558,228542089,,1375,"[0, 0, 0, 0]","[18, -7, -13, -9]","[2061, 126, 3851, 351]","[1, 0, -4, 0]"
1610883558,258128881,,1185,30.0,"[2069, 126, 3843, 351]",39.32184576153601,0,-0.18694471408361582,"[0.07143623017604586, -0.11030111785209129]",rh_l,0.23029947916666665,"[1.957731456059264e-06, 0.00038058299105614424, 0.0003704027913045138, 0.0, 0.001659373170696199, 0.001238460885360837, 0.0002274884027428925, 0.0020681475289165974, 0.000978865777142346]",-0.5912358235553619,"[0.1127000056538701, 0.11486321672899383]",-1.0947009904501428,1610883558,249739630,rh_l,199481,"[0.0, 0.0, 0.0, 0.0, 7.830926188034937e-05, 0.0, 3.9154630940174684e-05, 0.0, 0.0]",0.22754166666666667,-0.8883169965760053,"[0.26912278138143453, -0.3247884733326721]",-0.04247023968255463,1610883558,257487058,,1376,"[0, 0, 0, 0]","[18, -7, -13, -9]","[2061, 126, 3850, 351]","[1, 0, -4, 0]"
1610883558,283389091,,1186,30.0,"[2069, 126, 3843, 351]",39.7960434555719,0,-0.18694471408361582,"[0.07143623017604586, -0.11030111785209129]",rh_l,0.23029947916666665,"[1.957731456059264e-06, 0.00038058299105614424, 0.0003704027913045138, 0.0, 0.001659373170696199, 0.001238460885360837, 0.0002274884027428925, 0.0020681475289165974, 0.000978865777142346]",-0.5912358235553619,"[0.1127000056538701, 0.11486321672899383]",-1.0947009904501428,1610883558,249739630,rh_l,199481,"[0.0, 0.0, 0.0, 0.0, 7.830926188034937e-05, 0.0, 3.9154630940174684e-05, 0.0, 0.0]",0.22754166666666667,-0.8883169965760053,"[0.26912278138143453, -0.3247884733326721]",-0.04247023968255463,1610883558,280750036,,1377,"[0, 0, 0, 0]","[18, -7, -14, -9]","[2061, 126, 3850, 351]","[1, 0, -4, 0]"
1610883558,308254957,,1187,30.0,"[2069, 126, 3843, 351]",40.52193571449274,0,-0.15644339209422398,"[0.025706582191697847, -0.0335434176725586]",rh_l,0.23610677083333334,"[0.0, 0.00044753740075975657, 0.0005274128634482622, 0.0, 0.0017145812744274735, 0.0012979760067537427, 0.0001621001574676484, 0.0020011928863823414, 0.000949108216445893]",-0.576478943984896,"[0.1222189614830105, 0.09525726575856176]",-1.135183035278723,1610883558,286860352,rh_l,199482,"[0.0, 0.0, 0.0, 0.0, 0.0, 0.0, 0.0, 0.0, 0.0]",0.23063281249999998,1.0905511166668662,"[-0.2564323999177707, 0.5281672853893322]",-0.10541490153642083,1610883558,306642055,,1378,"[0, 0, 0, 0]","[18, -7, -14, -9]","[2061, 126, 3850, 351]","[1, 0, -3, 0]"
1610883558,332168102,,1188,30.0,"[2069, 126, 3843, 351]",42.045209859959705,0,-0.07510808504945443,"[-0.01961536092822131, 0.014427588718181238]",rh_l,0.23838541666666666,"[0.0, 0.0004021180502604693, 0.0004130813176743686, 0.0, 0.0016993109602481127, 0.0014726055087521672, 0.00018911686493083835, 0.0019988438580185175, 0.000993352965451777]",-0.2639136084072411,"[0.12595586628796157, 0.10376845407160025]",-1.0605820391809637,1610883558,317198575,rh_l,199483,"[0.0, 0.0, 3.9154630940174684e-05, 0.0, 1.950053956534248e-05, 1.950053956534248e-05, 0.0, 0.0, 0.0]",0.23274218749999998,-2.458977116021574,"[-0.12317480839108728, -0.2805434027246252]",-0.05581257393399974,1610883558,330581903,,1379,"[0, 0, 0, 0]","[15, -7, -14, -9]","[2062, 126, 3849, 351]","[0, 0, -2, 0]"
1610883558,356149911,,1189,30.0,"[2069, 126, 3843, 351]",41.93591089514783,0,-0.07510808504945443,"[-0.01961536092822131, 0.014427588718181238]",rh_l,0.23838541666666666,"[0.0, 0.0004021180502604693, 0.0004130813176743686, 0.0, 0.0016993109602481127, 0.0014726055087521672, 0.00018911686493083835, 0.0019988438580185175, 0.000993352965451777]",-0.2639136084072411,"[0.12595586628796157, 0.10376845407160025]",-1.0605820391809637,1610883558,317198575,rh_l,199483,"[0.0, 0.0, 3.9154630940174684e-05, 0.0, 1.950053956534248e-05, 1.950053956534248e-05, 0.0, 0.0, 0.0]",0.23274218749999998,-2.458977116021574,"[-0.12317480839108728, -0.2805434027246252]",-0.05581257393399974,1610883558,354557037,,1380,"[0, 0, 0, 0]","[15, -7, -14, -9]","[2061, 126, 3850, 351]","[0, 0, -2, 0]"
1610883558,384135007,,1190,30.0,"[2069, 126, 3843, 351]",36.24121037214969,0,0.15423351936262353,"[-0.016890847553787305, -0.01767294546501011]",rh_l,0.23203125,"[0.0, 0.00038254071841947734, 0.00045810913434252143, 0.0, 0.0017028347356244922, 0.0012854464584961534, 0.00011668079969240353, 0.0020278182346373796, 0.0010039247572422028]",0.04961966435939136,"[0.12421677088343758, 0.10417027417027416]",-1.1110140872245455,1610883558,358396926,rh_l,199484,"[0.0, 0.00011746388190658763, 0.0, 0.0, 0.0, 0.0, 0.0, 0.0, 0.0]",0.23222916666666665,1.224127830834341,"[0.04221274304216675, -0.009753305385303248]",0.013305370925023801,1610883558,382525920,,1381,"[0, 0, 0, 0]","[15, -7, -15, -9]","[2062, 126, 3849, 351]","[0, 0, -3, 0]"
1610883558,408138990,,1191,30.0,"[2069, 126, 3843, 351]",43.007034021696775,0,-0.2238696179299724,"[-0.01895753412054079, 0.004528274690103149]",rh_l,0.238671875,"[3.9154630826487846e-07, 0.00041190668707713485, 0.000489432888571173, 3.9154630826487846e-07, 0.0016558491624891758, 0.0014134821249172091, 0.00018872530199587345, 0.0020481788087636232, 0.000968685548286885]",-0.47900500143133967,"[0.12500331229054637, 0.10092042709063986]",-1.0706010426091663,1610883558,388059839,rh_l,199485,"[0.0, 0.0004698555276263505, 0.0, 0.0, 0.0, 1.950053956534248e-05, 0.0, 1.950053956534248e-05, 0.0]",0.23509895833333333,-1.3624098420603263,"[-0.026515986717447232, 0.10955926950378404]",-0.09762645795892862,1610883558,407187938,,1382,"[0, 0, 0, 0]","[16, -7, -11, -9]","[2062, 126, 3849, 351]","[0, 0, -3, 0]"
1610883558,431169986,,1192,30.0,"[2069, 126, 3843, 351]",44.16172506738545,0,-0.23589018193573777,"[-0.07718801493553364, 0.11998399034890421]",rh_l,0.24576822916666666,"[1.252948186447611e-05, 0.0004859089385718107, 0.0005395507905632257, 0.0, 0.0017239783192053437, 0.001409175107255578, 0.00016640716057736427, 0.002002759138122201, 0.0010501272045075893]",0.08267368233665273,"[0.12566603595080414, 0.09332469252601701]",-1.128363269962754,1610883558,418143135,rh_l,199486,"[0.0, 0.0005676653236150742, 0.0, 0.0, 0.0, 0.0, 0.0, 0.0, 0.0]",0.23819270833333334,1.9200764222639568,"[-0.022029622693529628, 0.25249010496133323]",-0.107415551529353,1610883558,429569959,,1383,"[0, 0, 0, 0]","[16, -7, -11, -9]","[2062, 126, 3849, 351]","[0, 0, -3, 0]"
1610883558,454195976,,1193,30.0,"[2069, 126, 3843, 351]",43.72163615894592,0,-0.23589018193573777,"[-0.07718801493553364, 0.11998399034890421]",rh_l,0.24576822916666666,"[1.252948186447611e-05, 0.0004859089385718107, 0.0005395507905632257, 0.0, 0.0017239783192053437, 0.001409175107255578, 0.00016640716057736427, 0.002002759138122201, 0.0010501272045075893]",0.08267368233665273,"[0.12566603595080414, 0.09332469252601701]",-1.128363269962754,1610883558,418143135,rh_l,199486,"[0.0, 0.0005676653236150742, 0.0, 0.0, 0.0, 0.0, 0.0, 0.0, 0.0]",0.23819270833333334,1.9200764222639568,"[-0.022029622693529628, 0.25249010496133323]",-0.107415551529353,1610883558,452723026,,1384,"[0, 0, 0, 0]","[16, -7, -11, -9]","[2062, 126, 3850, 351]","[0, 0, -3, 0]"
1610883558,477082967,,1194,30.0,"[2069, 126, 3843, 351]",44.6444773228028,0,0.12715028381992902,"[-0.02198509314517511, -0.0632285932814604]",rh_l,0.24052083333333332,"[5.481647804117529e-06, 0.0003441691806074232, 0.0004545852425508201, 3.52391657543194e-06, 0.0016715110978111625, 0.0014381494838744402, 0.00021574199490714818, 0.0020677559077739716, 0.0010317243868485093]",-0.5414752007134174,"[0.1248578930272845, 0.10933285126523537]",-1.0445787314167339,1610883558,459412377,rh_l,199487,"[0.0, 0.000195773143786937, 0.0, 0.0, 0.0, 0.0, 0.0, 7.815571007085964e-05, 0.0]",0.23907552083333333,-2.0301932985834847,"[0.01958220903402184, -0.38789563276249084]",-0.050696816346522414,1610883558,475527048,,1385,"[0, 0, 0, 0]","[16, -7, -12, -9]","[2062, 126, 3849, 351]","[0, 0, -3, 0]"
1610883558,501128911,,1195,30.0,"[2069, 126, 3843, 351]",41.8109175006978,0,-0.12113489396431484,"[0.01107568216732555, 0.01762613360668707]",rh_l,0.2451171875,"[1.5661852330595138e-06, 0.000396636372897774, 0.0004960891674272716, 0.0, 0.001713015022687614, 0.0014166143955662847, 0.00023414468159899116, 0.0020771531853824854, 0.0010356398997828364]",0.02555490656842052,"[0.12325934357806868, 0.10463801935116673]",-1.0588522921687433,1610883558,497356474,rh_l,199488,"[0.0, 3.9154630940174684e-05, 1.950053956534248e-05, 0.0, 0.0, 0.0, 0.0, 0.0, 0.0]",0.240421875,0.3761734203876158,"[0.04212906817141601, 0.12373023171611217]",-0.059902178129494485,1610883558,500420093,,1386,"[0, 0, 0, 0]","[17, -7, -12, -9]","[2062, 126, 3849, 351]","[0, 0, -3, 0]"
1610883558,528142929,,1196,30.0,"[2069, 126, 3843, 351]",37.501041620099244,0,0.1887913406156849,"[0.013709226087204773, 0.043495192673806374]",rh_l,0.24010416666666667,"[4.3070090214314405e-06, 0.0004420557525008917, 0.0004631992778740823, 3.9154630826487846e-07, 0.001713015022687614, 0.0013786344788968563, 0.00018402676505502313, 0.0020231197122484446, 0.0010113640455529094]",0.21541899257978256,"[0.12178881313913854, 0.10146246513789896]",-1.1165643746005274,1610883558,523909709,rh_l,199489,"[0.0, 0.0, 0.0, 0.0, 0.0, 0.0, 0.0, 0.0, 0.0]",0.24203645833333334,2.1734482608911514,"[0.05538046264156288, 0.11959198995029327]",-0.05299061387888222,1610883558,526839017,,1387,"[0, 0, 0, 0]","[17, -7, -12, -9]","[2062, 126, 3849, 351]","[0, 0, -3, 0]"
1610883558,554167985,,1197,30.0,"[2069, 126, 3843, 351]",38.64150943396226,0,0.1887913406156849,"[0.013709226087204773, 0.043495192673806374]",rh_l,0.24010416666666667,"[4.3070090214314405e-06, 0.0004420557525008917, 0.0004631992778740823, 3.9154630826487846e-07, 0.001713015022687614, 0.0013786344788968563, 0.00018402676505502313, 0.0020231197122484446, 0.0010113640455529094]",0.21541899257978256,"[0.12178881313913854, 0.10146246513789896]",-1.1165643746005274,1610883558,523909709,rh_l,199489,"[0.0, 0.0, 0.0, 0.0, 0.0, 0.0, 0.0, 0.0, 0.0]",0.24203645833333334,2.1734482608911514,"[0.05538046264156288, 0.11959198995029327]",-0.05299061387888222,1610883558,553121089,,1388,"[0, 0, 0, 0]","[17, -7, -12, -9]","[2062, 126, 3849, 351]","[0, 0, -3, 0]"
1610883558,579061985,,1198,30.0,"[2069, 126, 3843, 351]",40.430144011104474,0,0.08598185775696049,"[-0.022915188848991075, 0.015999090452214784]",rh_l,0.23654947916666666,"[7.830926165297569e-07, 0.0003704027913045138, 0.00048081885324791074, 0.0, 0.0016742519801482558, 0.0013958625495433807, 0.00011903006816282868, 0.002014897298067808, 0.001057174988090992]",0.3701151285728456,"[0.13045573213597653, 0.10261679340090747]",-1.0922166902692343,1610883558,565252006,rh_l,199490,"[0.0, 0.0, 0.0, 0.0, 0.0, 0.0, 0.0, 7.830926188034937e-05, 0.0]",0.24161197916666666,-0.5889291620950109,"[-0.20963806139842647, -0.0279212416041739]",0.008979681258504357,1610883558,575552940,,1389,"[0, 0, 0, 0]","[17, -7, -12, -9]","[2063, 126, 3849, 351]","[0, 0, -3, 0]"
1610883558,603262901,,1199,30.0,"[2069, 126, 3843, 351]",41.59901613655072,0,0.11779545616886565,"[0.01864158968653771, 0.014125950069851612]",rh_l,0.23421875,"[1.5661852330595138e-06, 0.0003935040149372071, 0.00045810913434252143, 2.349277792745852e-06, 0.0017392486333847046, 0.0013500516070052981, 0.0001178554302896373, 0.001973001752048731, 0.001007448649033904]",0.30445347089891606,"[0.12678035356904604, 0.09780627561231299]",-1.1237117965908192,1610883558,585038246,rh_l,199491,"[0.0, 0.0, 0.0, 0.0, 0.0, 0.0, 0.0, 0.0, 0.0]",0.23930208333333333,1.5917681338943084,"[0.1857542699841143, 0.24312440304951732]",0.07971680887942505,1610883558,601547956,,1390,"[0, 0, 0, 0]","[14, -7, -13, -9]","[2063, 126, 3849, 351]","[0, 0, -4, 0]"
1610883558,626138925,,1200,30.0,"[2069, 126, 3843, 351]",44.02960288050724,0,0.11779545616886565,"[0.01864158968653771, 0.014125950069851612]",rh_l,0.23421875,"[1.5661852330595138e-06, 0.0003935040149372071, 0.00045810913434252143, 2.349277792745852e-06, 0.0017392486333847046, 0.0013500516070052981, 0.0001178554302896373, 0.001973001752048731, 0.001007448649033904]",0.30445347089891606,"[0.12678035356904604, 0.09780627561231299]",-1.1237117965908192,1610883558,585038246,rh_l,199491,"[0.0, 0.0, 0.0, 0.0, 0.0, 0.0, 0.0, 0.0, 0.0]",0.23930208333333333,1.5917681338943084,"[0.1857542699841143, 0.24312440304951732]",0.07971680887942505,1610883558,624577045,,1391,"[0, 0, 0, 0]","[14, -7, -13, -9]","[2063, 126, 3849, 351]","[0, 0, -4, 0]"
1610883558,651084899,,1201,30.0,"[2069, 126, 3843, 351]",40.31937862285753,0,-0.008457322543210752,"[0.026673180106137517, 0.04195308192889314]",rh_l,0.2345703125,"[2.349277792745852e-06, 0.0003723605186678469, 0.0003954617423005402, 0.0, 0.0016973530873656273, 0.0013821583706885576, 0.00015740160597488284, 0.002016071928665042, 0.0010305497562512755]",0.507264946750138,"[0.12429701439276794, 0.1081469806906943]",-1.0814720354473482,1610883558,626607253,rh_l,199492,"[0.0, 0.0, 0.0, 0.0, 0.0, 0.0, 0.0, 0.0, 0.0]",0.23811197916666668,-1.0161359193273742,"[0.059740161132020894, -0.24875997346728315]",0.05259528760679709,1610883558,647577047,,1392,"[0, 0, 0, 0]","[14, -7, -13, -9]","[2063, 126, 3849, 351]","[0, 0, -3, 0]"
1610883558,679234981,,1202,30.0,"[2069, 126, 3843, 351]",35.81018731963868,0,0.04818477089371881,"[0.05095079913378283, -0.0370413164228702]",rh_l,0.23309895833333333,"[0.0, 0.000337904435582459, 0.0003735351492650807, 0.0, 0.0016762096202000976, 0.0013183363480493426, 0.00020008014689665288, 0.0020607078913599253, 0.001042687799781561]",0.03734309893486434,"[0.11930390858164291, 0.11642952902309399]",-1.0212118544685602,1610883558,657142921,rh_l,199493,"[0.0, 0.0, 0.0, 0.0, 0.0, 3.9154630940174684e-05, 0.0, 0.0, 0.0]",0.23570833333333335,-1.9734358186887524,"[0.16351716330964255, -0.27124176004270456]",0.08645922057840381,1610883558,677551984,,1393,"[0, 0, 0, 0]","[18, -7, -13, -9]","[2063, 126, 3849, 351]","[1, 0, -3, 0]"
1610883558,703176975,,1203,30.0,"[2069, 126, 3843, 351]",42.53512899561902,0,-0.19203156320028703,"[-0.020477743999501065, 0.05421555647053734]",rh_l,0.23858072916666667,"[4.3070090214314405e-06, 0.00036374651244841516, 0.0005246720393188298, 3.9154630826487846e-07, 0.0016758181154727936, 0.001419355277903378, 0.00016993109602481127, 0.0020250773523002863, 0.0009910035878419876]",-0.09490449654275887,"[0.12791807330365432, 0.09999044916225504]",-1.0643797071268637,1610883558,685689118,rh_l,199494,"[0.0, 0.0, 0.0, 0.0, 0.0, 0.0, 0.0, 0.0, 0.0]",0.23540364583333334,1.5122102835030347,"[-0.3017622530248566, 0.575876354417331]",0.01029463981520944,1610883558,701847076,,1394,"[0, 0, 0, 0]","[15, -7, -14, -9]","[2063, 126, 3849, 351]","[1, 0, -3, 0]"
1610883558,726298093,,1204,30.0,"[2069, 126, 3843, 351]",43.459336241464705,0,0.017184293491701884,"[0.05051042066281155, 0.02888040424817357]",rh_l,0.23791666666666667,"[0.0, 0.0003852815425489098, 0.000455368310213089, 0.0, 0.001727893715724349, 0.0013339982833713293, 0.00022787993657402694, 0.001992579083889723, 0.0010313328821212053]",0.05948685953126705,"[0.1223030554165624, 0.1059646297222917]",-1.0714525482546944,1610883558,724332691,rh_l,199495,"[0.0, 0.0, 0.0, 0.0, 0.0, 0.0, 0.0, 0.0, 0.0]",0.23567708333333331,0.1830276182751188,"[0.1453027619131366, -0.15459700271599278]",-0.0034648730378422877,1610883558,724822998,,1395,"[0, 0, 0, 0]","[15, -7, -10, -9]","[2062, 126, 3849, 351]","[1, 0, -3, 0]"
