%time,field.data0,field.data1,field.data2
1.61278807401043E+018,1.26728708258,0.570914680266,0.160089743536
1.61278807403867E+018,1.1267146782,0.464492708011,-0.429822640563
1.61278807408802E+018,1.12527145393,0.411220096035,0.855916171335
1.61278807411225E+018,1.06143486343,0.339055654132,0.268415248808
1.61278807414389E+018,1.00993200396,0.274617289367,0.36077510153
1.61278807418237E+018,0.857103804744,0.179155124965,-0.667439357413
1.61278807421147E+018,0.678131368271,0.0821033751403,-1.03519341312
1.61278807424657E+018,0.481576194427,-0.0123623866615,-1.33989251633
1.61278807428387E+018,0.419105378425,-0.0509361661045,-0.139038902894
1.61278807431125E+018,0.199777690308,-0.138196848388,-1.73136450298
1.61278807433892E+018,0.126500519171,-0.163570215317,-0.425801662303
1.61278807437493E+018,0.0261769729004,-0.188405959019,-0.694617501213
1.61278807440843E+018,-0.0202219950853,-0.183823297145,-0.179683374459
1.61278807444882E+018,-0.105963078172,-0.182781991323,-0.544508761103
1.61278807448516E+018,-0.160778090359,-0.160651395232,-0.253462910452
1.61278807451512E+018,-0.24695506299,-0.144884287654,-0.607347489877
1.61278807454546E+018,-0.239812008337,-0.0955014340208,0.220452428867
1.61278807458404E+018,-0.398717684603,-0.110595327402,-1.51690502688
1.61278807462342E+018,-0.402662275153,-0.0809207354739,-0.251760798758
1.61278807465552E+018,-0.363035536552,-0.055049424203,-0.00262163391419
1.61278807468065E+018,-0.299535356613,-0.0295267597458,0.202692726202
1.61278807471406E+018,-0.308788341666,-0.0317424837809,-0.474155039154
1.61278807475162E+018,-0.281872314916,-0.0209665662492,-0.118832215145
1.61278807477699E+018,-0.288521470601,-0.0251767828372,-0.454170723758
1.61278807481213E+018,-0.264674111364,-0.0202976773996,-0.169310036063
1.61278807484598E+018,-0.251654558306,-0.0217469559301,-0.271320131255
1.6127880748849E+018,-0.271376648873,-0.0347013642647,-0.583610977965
1.61278807491546E+018,-0.264284843997,-0.0368885452818,-0.323175476277
1.61278807494475E+018,-0.273633895745,-0.0431221221256,-0.462873985289
1.61278807497603E+018,-0.313866236302,-0.0606444343768,-0.788750169715
1.61278807501489E+018,-0.307823304712,-0.0583829486971,-0.338059237536
1.61278807504329E+018,-0.348454278398,-0.072394398893,-0.800062970568
1.61278807508402E+018,-0.355439845313,-0.0731284429683,-0.497321347028
1.61278807511192E+018,-0.401149694592,-0.0876047987204,-0.89803849596
1.61278807514987E+018,-0.395804398136,-0.0830075001707,-0.429301285734
1.61278807519184E+018,-0.400255723023,-0.082266351684,-0.526035062827
1.61278807522653E+018,-0.346140929198,-0.0606427198987,0.061213575441
1.61278807524995E+018,-0.351038778482,-0.0621211810163,-0.489859248005
1.6127880752853E+018,-0.424693264987,-0.0848381013007,-1.16252163223
1.61278807532301E+018,-0.420135024312,-0.0789336937036,-0.454856649705
1.61278807534926E+018,-0.438281285632,-0.0818252805327,-0.687064433474
1.61278807537932E+018,-0.518799091032,-0.107330795299,-1.34575679152
1.61278807541868E+018,-0.477543666929,-0.088738151018,-0.205504560791
1.61278807544716E+018,-0.442997137529,-0.074229930439,-0.239574197362
1.61278807548151E+018,-0.392367063601,-0.0550179820167,-0.0444388492093
1.61278807551808E+018,-0.395077078781,-0.0561971669504,-0.535783919907
1.61278807555319E+018,-0.34293787637,-0.0388334863754,0.00725718120831
1.61278807558494E+018,-0.389834291162,-0.0568905770567,-0.932886200314
1.61278807562126E+018,-0.470109827883,-0.0859321424893,-1.31980376389
1.61278807565141E+018,-0.433189137542,-0.0727201830503,-0.226459793788
1.61278807568684E+018,-0.470195412076,-0.0855235566052,-0.926974746921
1.61278807571821E+018,-0.441319972158,-0.0751431564182,-0.307771667461
1.61278807575294E+018,-0.458653911045,-0.0809563694275,-0.737911346313
1.61278807578879E+018,-0.463202072516,-0.0820881994921,-0.628584930782
1.61278807581419E+018,-0.463322163392,-0.0808213227443,-0.581914291958
1.61278807585332E+018,-0.459980370639,-0.0786008785684,-0.549961089056
1.61278807588735E+018,-0.342587128046,-0.0369226579572,0.598202076078
1.61278807591217E+018,-0.352831804454,-0.0435696827387,-0.57678734633
1.61278807595249E+018,-0.314025180095,-0.0331552184816,-0.095463855884
1.61278807598183E+018,-0.208507797662,0.000889900971221,0.627514833721
1.61278807601532E+018,-0.19383157077,0.00092835771948,-0.177311063121
1.61278807605237E+018,-0.249714850832,-0.0233733800692,-0.865239352045
1.61278807608741E+018,-0.324156602245,-0.0508130670965,-1.08868725047
1.61278807612198E+018,-0.360133173657,-0.0636699864226,-0.78209881738
1.61278807615649E+018,-0.234139464571,-0.0199639350257,0.803861020769
1.61278807618025E+018,-0.302393349018,-0.0474568892786,-1.02700706771
1.61278807621372E+018,-0.313085168305,-0.0532958790627,-0.516170882439
1.61278807625406E+018,-0.293555461452,-0.0495539145305,-0.233301125249
1.61278807629113E+018,-0.296641608038,-0.053187993282,-0.431034482322
1.61278807632299E+018,-0.359330901877,-0.0755230043416,-1.01439514686
1.61278807635427E+018,-0.37465531891,-0.0804502692462,-0.606497495679
1.61278807639844E+018,-0.369747133885,-0.0769078065493,-0.408804803572
1.61278807642499E+018,-0.446784677108,-0.102139829202,-1.22933462106
1.61278807645608E+018,-0.431172222787,-0.0927462974595,-0.371102609011
1.61278807648539E+018,-0.459852944281,-0.0985490394873,-0.796300644967
1.61278807651659E+018,-0.503146445497,-0.108297589074,-0.96923384781
1.61278807655402E+018,-0.451524176179,-0.0836950585159,-0.0578025711548
1.61278807658596E+018,-0.545312072027,-0.112910188237,-1.48767309434
1.61278807662164E+018,-0.520817379579,-0.0986472387618,-0.393696490631
1.61278807665874E+018,-0.486076761521,-0.0821870277271,-0.274942096715
1.61278807669171E+018,-0.432377666337,-0.0624737664091,-0.0737139000458
1.61278807673854E+018,-0.427255907492,-0.0617366332417,-0.515411821904
1.61278807677583E+018,-0.393633297004,-0.0505995165593,-0.217945449833
1.61278807678943E+018,-0.496929466756,-0.0865195902882,-1.54757882859
1.61278807681899E+018,-0.574725077806,-0.110641289456,-1.39147016701
1.6127880768606E+018,-0.558471333498,-0.103442020084,-0.555386948955
1.61278807689547E+018,-0.608955867982,-0.118946780833,-1.20193940904
1.61278807692634E+018,-0.494114471541,-0.0762150313996,0.403872194322
1.61278807696031E+018,-0.376984891141,-0.0362304879072,0.534657546218
1.61278807698672E+018,-0.537544202226,-0.0957621677809,-2.13919219809
1.61278807702566E+018,-0.400278603804,-0.0475036860827,0.69657862121
1.61278807705987E+018,-0.405840771375,-0.0520031180043,-0.598747621099
1.6127880770916E+018,-0.3608528795,-0.0393315365828,-0.100551683351
1.61278807712678E+018,-0.406285487726,-0.0576926741666,-0.949439732607
1.61278807715343E+018,-0.477747838466,-0.0845463776236,-1.26101524939
1.61278807720468E+018,-0.52731360974,-0.101782873859,-1.10974452686
1.61278807722139E+018,-0.41735867282,-0.0617376692268,0.449247970031
1.61278807726174E+018,-0.419399464827,-0.0642614696649,-0.574966703329
1.61278807729249E+018,-0.48481202318,-0.0867076751309,-1.19448046752
1.61278807732463E+018,-0.427221617576,-0.0653140258051,-0.0289796668961
1.61278807736215E+018,-0.434467642422,-0.0683690035905,-0.627714510659
1.61278807740337E+018,-0.464132317376,-0.0801991805357,-0.87073727323
1.61278807742625E+018,-0.455413602472,-0.0783068647487,-0.517446776626
1.61278807745974E+018,-0.370510501839,-0.051169710954,0.24798618507
1.61278807749678E+018,-0.429375668945,-0.073829139474,-1.09000031655
1.61278807752791E+018,-0.484250125349,-0.0918913756713,-1.09214073171
1.61278807756348E+018,-0.41582965021,-0.0658300801491,0.0907300650998
1.6127880775968E+018,-0.450626586741,-0.0755303208412,-0.862130873566
1.61278807763773E+018,-0.432447241433,-0.0679932075457,-0.384145404583
1.61278807766968E+018,-0.371323192318,-0.0484126394771,0.0429369985277
1.61278807769972E+018,-0.353646182079,-0.0417591711251,-0.298200515128
1.61278807774911E+018,-0.309058607607,-0.0288163421117,-0.0344276992089
1.61278807776894E+018,-0.240384256657,-0.00842091246419,0.254662866444
1.61278807780082E+018,-0.227462027745,-0.0099328080759,-0.243404843087
1.61278807782895E+018,-0.297583398384,-0.0396697489322,-1.05439206731
1.61278807786079E+018,-0.244032495226,-0.0232206010065,0.133141757838
1.61278807789164E+018,-0.29637725206,-0.0432434158947,-0.861519263747
1.61278807792954E+018,-0.369100907398,-0.0711290897299,-1.13721862073
1.61278807796499E+018,-0.34292884136,-0.0629014376651,-0.215931455864
1.61278807800155E+018,-0.35357848602,-0.0664652825541,-0.544178713077
1.61278807802405E+018,-0.408398114094,-0.0860720862601,-1.00738306802
1.61278807805836E+018,-0.445089305349,-0.0978359251137,-0.878109602716
1.61278807809576E+018,-0.538207895707,-0.127479887211,-1.47446349846
1.61278807813516E+018,-0.441179617345,-0.0889266763706,0.34053885245
1.61278807816886E+018,-0.406191279942,-0.0757642407149,-0.200035188014
1.61278807820208E+018,-0.368641918561,-0.0611785530251,-0.126646321492
1.61278807824576E+018,-0.375030131384,-0.0611898759145,-0.516358114425
1.61278807826508E+018,-0.3641614002,-0.056141353356,-0.360157277806
1.61278807829911E+018,-0.374249178215,-0.0575827504893,-0.550616886479
1.61278807833843E+018,-0.342860910042,-0.0443725694386,-0.14486433047
1.6127880783712E+018,-0.261164138278,-0.0153636165165,0.382893118313
1.61278807839934E+018,-0.307869573012,-0.03298136764,-0.825734043586
1.61278807844527E+018,-0.38566094862,-0.0611697278631,-1.19313548087
1.61278807846763E+018,-0.330264356548,-0.0430242398388,0.0503232013432
1.61278807851085E+018,-0.314349943184,-0.0405135918037,-0.295525762267
1.61278807856121E+018,-0.324333170062,-0.0461911067088,-0.52784551865
1.61278807858508E+018,-0.291021666719,-0.0380935586858,-0.116013100242
1.6127880786232E+018,-0.341789415958,-0.0592459632858,-0.919079184995
1.61278807866082E+018,-0.315624730085,-0.0511617659204,-0.18435394943
1.6127880786799E+018,-0.265275548646,-0.0358938260848,0.0800190353027
1.61278807869935E+018,-0.269509356467,-0.0405999301404,-0.415028910141
1.61278807874805E+018,-0.282579404721,-0.0470643305293,-0.495941891352
1.61278807877285E+018,-0.34660569854,-0.0698868236351,-1.01101404383
1.61278807879677E+018,-0.332048249554,-0.0614929094238,-0.264063343978
1.61278807883579E+018,-0.311367218671,-0.0527803219123,-0.202251973716
1.61278807887033E+018,-0.319436253631,-0.0548746350063,-0.473678768554
1.61278807889842E+018,-0.34946121782,-0.0649699033175,-0.707828794966
1.61278807893038E+018,-0.332512084179,-0.0578148447922,-0.264312261515
1.61278807896629E+018,-0.329082034774,-0.0558060526311,-0.383814857772
1.61278807900335E+018,-0.297722563593,-0.0438081227073,-0.096637702449
1.61278807903354E+018,-0.308291353489,-0.0475867440967,-0.490847692898
1.61278807907121E+018,-0.298801557497,-0.0459520422463,-0.316523267926
1.61278807910028E+018,-0.297081631958,-0.0463982161764,-0.37672511832
1.61278807912821E+018,-0.34638590527,-0.0628170384759,-0.870903366177
1.61278807916531E+018,-0.418356976863,-0.0869330299751,-1.15782806549
1.6127880791972E+018,-0.390675698452,-0.0751243755035,-0.233275185807
1.61278807923047E+018,-0.445795594413,-0.0924749746936,-1.03538715757
1.61278807926409E+018,-0.4794165964,-0.10185603717,-0.882987241471
1.61278807929777E+018,-0.504624294794,-0.106540107852,-0.824116541317
1.61278807933343E+018,-0.457879567206,-0.0862841909509,-0.133856540756
1.61278807936484E+018,-0.437842447432,-0.077621990793,-0.367141457876
1.61278807939744E+018,-0.458425698755,-0.0837315835468,-0.757180835082
1.61278807943072E+018,-0.538195428489,-0.109971448906,-1.3734695301
1.61278807947934E+018,-0.479959413967,-0.0854114112477,-0.0591556049264
1.61278807949872E+018,-0.532043444265,-0.100983504512,-1.11389230178
1.61278807953753E+018,-0.574947265516,-0.11291075309,-1.08226327337
1.61278807957168E+018,-0.547128359749,-0.09952186972,-0.418458467378
1.61278807960686E+018,-0.531357613616,-0.0906231675704,-0.509275081518
1.61278807963953E+018,-0.54707763261,-0.0936656426857,-0.816585377703
1.61278807967558E+018,-0.573511955582,-0.100515156251,-0.945146677837
1.61278807970406E+018,-0.566460506841,-0.0963179862867,-0.647320796504
1.61278807973764E+018,-0.526799142908,-0.0813496156802,-0.31668588949
1.6127880797706E+018,-0.531987420174,-0.0836573180025,-0.734499582488
1.61278807980564E+018,-0.558231480672,-0.0939006477206,-0.957974464718
1.61278807983653E+018,-0.493861557047,-0.0717905857036,-0.071432820374
1.61278807987282E+018,-0.416819792655,-0.0457142109364,0.131024985785
1.61278807990778E+018,-0.393023352603,-0.0408202988099,-0.333773667295
1.61278807993712E+018,-0.440067012837,-0.0602115976521,-1.01239540568
1.61278807996217E+018,-0.431961911498,-0.0588381851429,-0.500568322164
1.61278808001899E+018,-0.485670283857,-0.0786375101712,-1.10854431883
1.61278808004814E+018,-0.499579251205,-0.0845196505383,-0.773509210126
1.61278808006734E+018,-0.561092070365,-0.107323024163,-1.27200587877
1.6127880801045E+018,-0.486740550665,-0.0814950913727,0.0311659178227
1.61278808013685E+018,-0.519285775102,-0.0929170849603,-0.95243406004
1.61278808017119E+018,-0.437066294049,-0.0651141131123,0.154843245728
1.61278808020811E+018,-0.368534602527,-0.0429353604646,0.110666866745
1.61278808024107E+018,-0.398561546771,-0.0554372675,-0.798969859238
1.61278808028008E+018,-0.34829875098,-0.0397338548617,-0.0257565977113
1.61278808029989E+018,-0.353847878988,-0.0446971597472,-0.535971683034
1.61278808032998E+018,-0.36763607043,-0.0518416872704,-0.618454195809
1.6127880803763E+018,-0.333469302257,-0.0411319572324,-0.141966901827
1.61278808040022E+018,-0.287696555005,-0.0268595734982,0.0126022202521
1.61278808044342E+018,-0.392103632841,-0.0661433369593,-1.4523100956
1.61278808047843E+018,-0.392820644372,-0.0665740529428,-0.511971384763
1.61278808052121E+018,-0.408937579632,-0.0713007336883,-0.657864288087
1.61278808055718E+018,-0.457090624524,-0.08770576933,-1.00483064105
1.61278808060586E+018,-0.457961267774,-0.0881284201181,-0.593007672936
1.61278808062801E+018,-0.521013676109,-0.110728331202,-1.22388411207
1.61278808067147E+018,-0.520070371424,-0.108819581944,-0.637095665424
1.61278808068706E+018,-0.567274196217,-0.123890300564,-1.12225699045
1.61278808071317E+018,-0.573552550566,-0.122565864944,-0.749313104595
1.612788080755E+018,-0.540775401508,-0.107097874588,-0.360261370427
1.61278808078166E+018,-0.565300497268,-0.110591205541,-0.888248255387
1.61278808081236E+018,-0.567470511368,-0.10694634548,-0.701088667441
1.61278808085109E+018,-0.661008143201,-0.133982975063,-1.61343453499
1.6127880808821E+018,-0.653093255101,-0.12521525309,-0.705645970607
1.61278808091048E+018,-0.609025301991,-0.105688043764,-0.35102223536
1.61278808093923E+018,-0.568087804108,-0.0878838471946,-0.335505949341
1.61278808099488E+018,-0.58616844496,-0.0928496404106,-0.900170061426
1.61278808101262E+018,-0.551603356667,-0.0794433769761,-0.393217492076
1.61278808104285E+018,-0.576868762903,-0.0877267383723,-0.960734931071
1.61278808107747E+018,-0.510419161067,-0.0648686154583,-0.0771799325088
1.61278808111362E+018,-0.572699229141,-0.0899293698576,-1.318208963
1.61278808115763E+018,-0.673698896454,-0.125538233222,-1.75614409808
1.61278808119209E+018,-0.664717696083,-0.121305855908,-0.76006445266
1.61278808121479E+018,-0.563264676759,-0.0855588193308,0.174233531966
1.61278808125107E+018,-0.54551951972,-0.0807230261155,-0.559029821699
1.61278808128358E+018,-0.575712994097,-0.0933540439027,-1.02592802125
1.61278808130847E+018,-0.489650425395,-0.0639674009258,0.120609191434
1.61278808134905E+018,-0.535679016015,-0.0826242548278,-1.12041192496
1.61278808137961E+018,-0.640264197486,-0.119700468871,-1.7469002758
1.61278808141567E+018,-0.741219517785,-0.153125739964,-1.81676794773
1.61278808144941E+018,-0.687653258521,-0.13159481195,-0.376960806941
1.61278808147882E+018,-0.723181390242,-0.142043470849,-1.21642707814
1.61278808151262E+018,-0.77186223531,-0.156506808653,-1.38757793002
1.6127880815487E+018,-0.67532717947,-0.117660130031,0.0372116259148
1.61278808158602E+018,-0.60466570644,-0.0900619989838,-0.126469980356
1.61278808162445E+018,-0.578744413938,-0.0804372981466,-0.512485181461
1.6127880816473E+018,-0.538408156073,-0.0673294659206,-0.350112966822
1.61278808169125E+018,-0.564413706794,-0.0778542644944,-0.972351357489
1.61278808171417E+018,-0.623048586788,-0.0999529047706,-1.33400386341
1.61278808174937E+018,-0.635422443813,-0.104313410689,-0.925514014728
1.61278808177986E+018,-0.596938023089,-0.0924315485591,-0.44276302921
1.61278808181078E+018,-0.61932736843,-0.101521522822,-1.00499092352
1.61278808185048E+018,-0.600503599097,-0.0936444739355,-0.593789601943
1.61278808187864E+018,-0.596193080608,-0.0911617104188,-0.720216326477
1.6127880819132E+018,-0.631117259641,-0.104478659939,-1.12937029584
1.61278808194022E+018,-0.617222231965,-0.10067663979,-0.679950603902
1.6127880819856E+018,-0.645003158647,-0.1112573084,-1.08036891158
1.61278808201446E+018,-0.689496193633,-0.129241735043,-1.2966528138
1.61278808204787E+018,-0.735908169873,-0.146499458888,-1.35683403168
1.61278808208432E+018,-0.660376032845,-0.118538322141,-0.161919980547
1.61278808212055E+018,-0.777950822656,-0.15708928463,-2.00445138738
1.61278808215668E+018,-0.862250825195,-0.182338975212,-1.79925293977
1.61278808217845E+018,-0.965153176693,-0.211266332335,-2.06529244873
1.61278808222161E+018,-1.14856679625,-0.264514495199,-2.96914992395
1.61278808225194E+018,-1.35502391229,-0.323593766169,-3.40909727951
1.61278808228447E+018,-1.53792245054,-0.371778537558,-3.40472062924
1.61278808232284E+018,-2.0771658393,-0.540898632326,-7.18767641284
1.6127880823541E+018,-3.08051401914,-0.861080770704,-12.4247357601
1.61278808238298E+018,-4.44187515995,-1.28436922126,-17.0668330587
1.61278808241851E+018,-6.05440811262,-1.76579028896,-21.0089560567
1.612788082461E+018,-8.06872583055,-2.35415914478,-26.7486813079
1.6127880824941E+018,-10.4096021182,-3.01712818555,-32.178185265
1.61278808253352E+018,-13.3654805695,-3.84838381929,-40.8579312981
1.61278808257141E+018,-16.4127727244,-4.6559417506,-44.9528757844
1.61278808261061E+018,-19.6181547001,-5.46387611812,-49.8541453238
1.61278808262888E+018,-22.9536771274,-6.26160306597,-54.6767032185
1.61278808267178E+018,-25.8949116924,-6.86919001646,-54.4272774913
1.61278808269644E+018,-28.7138990139,-7.39338631259,-56.5552099065
1.61278808272046E+018,-31.1000018014,-7.73309569576,-55.4877308142
1.61278808275185E+018,-33.2691711423,-7.97753774659,-56.199970671
1.61278808280552E+018,-35.0471133048,-8.07872087322,-55.0174194369
1.61278808282102E+018,-36.7518680852,-8.15697271686,-56.6440212769
1.61278808285445E+018,-38.1269552298,-8.13073370531,-55.6742839227
1.61278808289026E+018,-39.3740896861,-8.08265263287,-56.4403012287
1.61278808291908E+018,-40.3823499473,-7.98122739513,-55.994001269
1.61278808295573E+018,-41.2052978726,-7.85595940009,-55.8845594625
1.6127880829906E+018,-41.9845206967,-7.76718297923,-57.0606427142
1.61278808302088E+018,-42.4575953689,-7.62371642195,-55.5307751823
1.61278808305513E+018,-42.8736302384,-7.51427373145,-56.1317315464
1.61278808309421E+018,-43.2233911947,-7.43307204467,-56.5295533843
1.61278808312168E+018,-43.4483360903,-7.35864599722,-56.2311192154
1.61278808315514E+018,-43.5455683313,-7.2856831735,-55.6945296943
1.61278808318995E+018,-43.6256845277,-7.24823632957,-56.0571601423
1.61278808322807E+018,-43.6916911354,-7.23218155353,-56.2764238362
1.61278808325228E+018,-43.7900629311,-7.24743843711,-56.8794877798
1.61278808328503E+018,-43.7853710736,-7.23720556735,-56.0655289731
1.61278808332097E+018,-43.8188761512,-7.24298317768,-56.4713884491
1.61278808334942E+018,-43.849381819,-7.25047304113,-56.5094699963
1.61278808338694E+018,-43.9539113911,-7.2819228713,-57.2755191695
1.61278808342096E+018,-43.9445441846,-7.27285659129,-56.2523550135
1.61278808345371E+018,-43.9096996211,-7.25506072433,-55.9876908788
1.61278808348745E+018,-43.8905674426,-7.24612001781,-56.1355672902
1.61278808352175E+018,-43.9689619146,-7.2705448755,-57.087898905
1.61278808355971E+018,-44.0213883891,-7.28544529203,-56.9195431621
1.61278808359494E+018,-43.9062217651,-7.2406576694,-55.287631859
1.61278808362769E+018,-43.9524873822,-7.25513847408,-56.7987334129
1.61278808366824E+018,-43.9556512395,-7.254539724,-56.4220815195
1.61278808368885E+018,-43.8562292022,-7.21657533462,-55.3800223511
1.61278808372933E+018,-43.9093253522,-7.2354394281,-56.8266467175
1.6127880837602E+018,-44.0589678581,-7.28701437389,-57.8542965551
1.61278808379263E+018,-44.1183310984,-7.30347506313,-57.0968748101
1.6127880838241E+018,-44.2012739762,-7.32711241893,-57.3986268888
1.61278808385855E+018,-44.2357626909,-7.33372561425,-57.0134020331
1.61278808389099E+018,-44.1863130682,-7.31146911994,-56.2165352246
1.61278808392339E+018,-44.1572058646,-7.29802172629,-56.3775043785
1.61278808395172E+018,-44.1604454508,-7.29571804234,-56.6668198842
1.61278808399581E+018,-44.1152224896,-7.27757857363,-56.1940717785
1.61278808402582E+018,-44.0747629206,-7.26232134434,-56.198353835
1.61278808406892E+018,-43.9686312192,-7.22529034119,-55.4987887746
1.612788084095E+018,-43.9912089543,-7.23360728472,-56.6676035691
1.61278808412262E+018,-44.0185192706,-7.24349607004,-56.7423490633
1.61278808415987E+018,-44.0251482043,-7.24671308388,-56.5728838825
1.61278808419451E+018,-44.0073634994,-7.24222168251,-56.3426574599
1.61278808422765E+018,-43.9232294211,-7.21390172385,-55.6466480104
1.61278808426121E+018,-44.0935266942,-7.27481206501,-58.107220298
1.61278808429352E+018,-44.1056413461,-7.27971808606,-56.7170952899
1.61278808432539E+018,-44.1117353701,-7.28186224167,-56.6650600476
1.61278808435621E+018,-44.0956105608,-7.27659889091,-56.4520655977
1.61278808439123E+018,-44.1455678064,-7.29753986788,-57.1256648469
1.61278808443621E+018,-44.0981717791,-7.28342715375,-56.1962344758
1.61278808446977E+018,-44.0088222036,-7.25329041015,-55.7022307674
1.61278808449637E+018,-44.029756536,-7.26235247649,-56.7082216215
1.61278808453279E+018,-44.0132507223,-7.25600488763,-56.3351960742
1.61278808456282E+018,-44.1917066277,-7.31644543299,-58.2653401593
1.61278808461948E+018,-44.2263257025,-7.32346113055,-57.0082564788
1.61278808463638E+018,-44.2740289587,-7.33453112474,-57.1791863605
1.61278808466882E+018,-44.3683544013,-7.3603847383,-57.6948770071
1.61278808469608E+018,-44.3117759892,-7.33252675659,-56.2848468005
1.61278808473464E+018,-44.2861350066,-7.31756236228,-56.5482822346
1.61278808477372E+018,-44.2776411474,-7.31168285883,-56.719559314
1.61278808479887E+018,-44.31124365,-7.32069513115,-57.1354108803
1.61278808483209E+018,-44.272730294,-7.30385052848,-56.4456003045
1.6127880848587E+018,-44.2131642314,-7.2808843762,-56.1987952571
1.61278808489443E+018,-44.1534192966,-7.26004416451,-56.1446666542
1.61278808492978E+018,-44.0546050968,-7.22949462987,-55.7142548479
1.61278808496343E+018,-44.1333726017,-7.25979882284,-57.3683800905
1.61278808499742E+018,-44.2025533004,-7.28488805353,-57.3508960852
1.61278808502999E+018,-44.1310621659,-7.25965648671,-56.0090485067
1.61278808505827E+018,-44.0595099927,-7.23659008426,-55.9408630924
1.61278808510738E+018,-44.0927265942,-7.25051311104,-56.9106511633
1.61278808513524E+018,-44.1348853438,-7.26784051825,-57.0434862811
1.61278808517491E+018,-44.0602399748,-7.246020636,-55.9340454724
1.6127880851995E+018,-44.107693933,-7.26851220101,-57.0851111349
1.61278808523396E+018,-44.0390140294,-7.25075700848,-55.9755088679
1.6127880852611E+018,-43.9554096497,-7.22614062179,-55.7237896307
1.61278808529512E+018,-44.1327339667,-7.29326246867,-58.2512585838
1.61278808534256E+018,-44.1843559158,-7.31160283393,-57.1575288979
1.6127880853748E+018,-44.1935165781,-7.31166967753,-56.7617580254
1.61278808540016E+018,-44.1377439956,-7.28967137364,-56.1259339693
1.61278808543323E+018,-44.1202308512,-7.28232836076,-56.4549951356
1.6127880854658E+018,-44.0864565,-7.26943512197,-56.271345976
1.61278808549464E+018,-44.040242362,-7.25166583002,-56.1001810645
1.61278808552613E+018,-43.9284964944,-7.21230577088,-55.3964203236
1.6127880855793E+018,-43.9480059391,-7.22165756286,-56.6067775749
1.61278808560298E+018,-43.9119975598,-7.21208788659,-56.0757289398
1.61278808563759E+018,-43.9016836903,-7.21411999182,-56.3133826328
1.6127880856738E+018,-43.9716244754,-7.24244997843,-57.0909143397
1.61278808569779E+018,-43.884706946,-7.21284978267,-55.5682353763
1.6127880857411E+018,-43.8630834795,-7.20888199498,-56.1444092908
1.6127880857735E+018,-43.8688499866,-7.21613873886,-56.4076875989
1.61278808580278E+018,-44.0247639411,-7.27448074922,-57.9118795262
1.61278808583916E+018,-44.0153643189,-7.27069164536,-56.3980878099
1.61278808587003E+018,-44.0545673934,-7.28526131902,-56.8883520141
1.61278808590684E+018,-44.0393219698,-7.27879597521,-56.3695614832
1.61278808593453E+018,-44.0995016716,-7.30005559709,-57.122737518
1.61278808597072E+018,-44.044128211,-7.2817793032,-56.0408459187
1.61278808600003E+018,-44.0362356103,-7.27749651344,-56.42637637
1.61278808603962E+018,-44.0331609341,-7.27344506051,-56.4522453692
1.61278808607002E+018,-43.9606312233,-7.24447949409,-55.7443637207
1.61278808610267E+018,-44.0688445456,-7.28035718778,-57.4912630137
1.61278808615234E+018,-44.1945961051,-7.31964388967,-57.7764619991
1.61278808617001E+018,-44.189545599,-7.31095183399,-56.5948814522
1.61278808621458E+018,-44.198275707,-7.30788727887,-56.7369472969
1.61278808623681E+018,-44.2396330195,-7.31838621237,-57.0977609673
1.61278808627149E+018,-44.1940689562,-7.29767925717,-56.2671632955
1.61278808630798E+018,-44.2855868901,-7.32669301303,-57.6091783766
1.61278808633983E+018,-44.3274256432,-7.33708750318,-57.2108379591
1.61278808637137E+018,-44.3330994921,-7.33299270249,-56.8824607326
1.61278808641664E+018,-44.3850934904,-7.34730049039,-57.3777945919
1.61278808644114E+018,-44.3473966095,-7.33069609504,-56.5438234506
1.61278808648924E+018,-44.6141419248,-7.42153457341,-59.5725946195
1.6127880865158E+018,-44.5745627771,-7.39764272455,-56.7468261305
1.61278808654699E+018,-44.5453209834,-7.37920057752,-56.8219783213
1.61278808658335E+018,-44.3469646066,-7.30261728168,-55.0949694292
1.61278808661473E+018,-44.2716961324,-7.27422682854,-56.1401847033
1.61278808664214E+018,-44.2291359816,-7.25811873836,-56.385767225
1.61278808668435E+018,-44.3150433048,-7.28917385695,-57.6482127625
1.61278808670879E+018,-44.2433647185,-7.26450169107,-56.1614064314
1.61278808674146E+018,-44.1500570547,-7.23489801135,-55.8798619258
1.61278808677268E+018,-44.0517543289,-7.20830874868,-55.7579140538
1.61278808681169E+018,-44.0490989724,-7.21592758445,-56.6050090132
1.61278808684884E+018,-43.9321279361,-7.18189958925,-55.4331344949
1.61278808687647E+018,-43.9259303616,-7.18942488159,-56.428765871
1.61278808690876E+018,-44.0340425496,-7.23690528669,-57.5691345233
1.61278808695016E+018,-43.9792940903,-7.22478766707,-56.035032461
1.61278808697622E+018,-43.9975709306,-7.24051790432,-56.7219754065
1.61278808700403E+018,-44.106996941,-7.28574293526,-57.6373018133
1.61278808704304E+018,-44.0780389513,-7.27953873146,-56.348174489
1.61278808708035E+018,-43.9838324151,-7.25111940129,-55.6596529376
1.61278808713242E+018,-44.0278238751,-7.27134831173,-56.9366437735
1.61278808714702E+018,-44.0281017557,-7.27573107612,-56.5436415827
1.61278808717864E+018,-44.0057100096,-7.26557738593,-56.2536653946
1.61278808720837E+018,-43.9325382616,-7.23749624498,-55.7140470633
1.61278808723977E+018,-44.0027615623,-7.25972716514,-57.0703375123
1.61278808728253E+018,-43.9524996335,-7.24133477796,-55.9581503093
1.61278808731489E+018,-44.0165342953,-7.26440190258,-57.0611209636
1.61278808734626E+018,-44.1171322101,-7.29886827567,-57.4949569948
1.61278808737593E+018,-44.2025318921,-7.32309111508,-57.4204912417
1.61278808741664E+018,-44.2466373931,-7.33159755782,-57.0995933915
1.6127880874611E+018,-44.2220645635,-7.3165742235,-56.4687818755
1.61278808747257E+018,-44.3613412866,-7.3606982228,-58.1071013309
1.6127880875008E+018,-44.2414543184,-7.31170278787,-55.647267139
1.61278808754298E+018,-44.1719668707,-7.28561054345,-56.0578825885
1.61278808756994E+018,-44.2040972885,-7.29694822108,-57.0135099955
1.61278808760533E+018,-44.1432716792,-7.27328377095,-56.0941742928
1.61278808763425E+018,-44.146072584,-7.27440357085,-56.6840965862
1.61278808767289E+018,-44.1040302994,-7.2597423705,-56.2351634732
1.61278808770876E+018,-44.047763571,-7.23878372029,-56.0283464906
1.61278808774064E+018,-43.9978990774,-7.22172085049,-56.0395599079
1.61278808777626E+018,-43.9619346005,-7.21261272268,-56.1467868077
1.61278808780644E+018,-43.9462772534,-7.2105833636,-56.306081691
1.61278808783761E+018,-43.9652321048,-7.22095389569,-56.6372709378
1.61278808788068E+018,-44.0310498421,-7.24787753409,-57.1329482051
1.61278808790968E+018,-43.961768946,-7.22851037139,-55.861146427
1.61278808794239E+018,-43.8559111226,-7.19717500903,-55.4138233009
1.61278808797028E+018,-44.0790500019,-7.28400738846,-58.6230412654
1.61278808800825E+018,-44.0124972929,-7.26449848768,-55.9313153092
1.61278808803822E+018,-44.0469816812,-7.2797901287,-56.8605213429
1.61278808806824E+018,-44.1172283731,-7.30491619151,-57.2372149993
1.61278808810514E+018,-44.0415296725,-7.27660056702,-55.8316111047
1.61278808814289E+018,-43.9552603258,-7.24646288753,-55.6497622208
1.61278808817582E+018,-43.9025045819,-7.22618334854,-55.8641720697
1.61278808820681E+018,-43.9384423858,-7.23942014746,-56.7159746682
1.61278808823946E+018,-43.9642496306,-7.24907074417,-56.6575883273
1.61278808826858E+018,-44.0922032876,-7.292215856,-57.6971797495
1.61278808831306E+018,-44.0504728275,-7.27425367599,-56.1301623014
1.61278808834396E+018,-44.0813328909,-7.28184088542,-56.8122955239
1.61278808837492E+018,-44.1504457713,-7.30239079341,-57.2325415064
1.61278808840672E+018,-44.1305748242,-7.2914361123,-56.4190439386
1.61278808844393E+018,-44.0668104123,-7.26672814009,-55.9685208145
1.61278808847329E+018,-44.0125820462,-7.24762622339,-56.0077742495
1.61278808850584E+018,-44.1456374321,-7.2952763924,-57.8384107162
1.61278808854346E+018,-44.1440103898,-7.2930165663,-56.6196512654
1.61278808857238E+018,-44.2798934511,-7.33724582231,-57.9879495971
1.61278808862483E+018,-44.369886772,-7.36407211811,-57.6812505058
1.61278808864392E+018,-44.2902422566,-7.33287755853,-56.0968471097
1.61278808867708E+018,-44.1922811317,-7.29286500217,-55.793328966
1.61278808870422E+018,-44.1569572448,-7.27827160619,-56.3376559051
1.61278808875741E+018,-44.2064242611,-7.2933077313,-57.1485625188
1.61278808878066E+018,-44.1538105044,-7.27026443886,-56.1605826885
1.61278808880781E+018,-44.2559886643,-7.30370325249,-57.6776443738
1.61278808884987E+018,-44.1734099274,-7.27288278213,-55.9469932241
1.61278808887932E+018,-44.1586688955,-7.26938787395,-56.562257091
1.61278808890558E+018,-44.1530180616,-7.26947925439,-56.6389618297
1.61278808894808E+018,-44.1686438175,-7.2773210338,-56.8484852443
1.61278808897601E+018,-44.2585659593,-7.30844964741,-57.5903401806
1.61278808901912E+018,-44.1502285022,-7.2700471828,-55.7029097129
1.61278808905137E+018,-44.1937260398,-7.28665058999,-57.1162284973
1.6127880890809E+018,-44.105698411,-7.2554637821,-55.8285911846
1.61278808910846E+018,-44.1671214649,-7.27873018189,-57.2454819344
1.61278808914989E+018,-44.1635001044,-7.27972504743,-56.6698583883
1.612788089178E+018,-44.1303093329,-7.27234484621,-56.3849031613
1.61278808920639E+018,-44.0601452114,-7.25061425487,-55.9574607333
1.61278808925143E+018,-44.1714238063,-7.29372784803,-57.7099617664
1.61278808927497E+018,-44.0925519039,-7.26548435871,-55.8862420892
1.61278808931271E+018,-44.0222630757,-7.23958564671,-55.8700376717
1.61278808934659E+018,-44.0916788475,-7.26471100166,-57.2107582798
1.61278808937837E+018,-44.1311545685,-7.27962807043,-56.99679638
1.61278808941121E+018,-44.1719401533,-7.29482553697,-57.0564587628
1.61278808944451E+018,-44.2758645978,-7.3299570368,-57.7222100429
1.61278808948105E+018,-44.2754338785,-7.3277032756,-56.791183367
1.61278808950963E+018,-44.2766928809,-7.32386808259,-56.7882336333
1.61278808955601E+018,-44.2266614788,-7.30381215431,-56.290284082
1.61278808958928E+018,-44.35247934,-7.34624454983,-58.0091237649
1.6127880896183E+018,-44.3399080625,-7.33800900568,-56.7498027932
1.61278808965058E+018,-44.2679248171,-7.3092228937,-56.139276259
1.61278808969862E+018,-44.201813481,-7.28210309311,-56.107555444
1.61278808972235E+018,-44.219603627,-7.28771308327,-56.9035036197
1.61278808975425E+018,-44.2846333614,-7.3083497165,-57.3876082109
1.61278808978371E+018,-44.308585287,-7.31521451901,-57.0600370263
1.61278808981223E+018,-44.2957801759,-7.30768521926,-56.7057532863
1.61278808985292E+018,-44.4113095813,-7.34511492837,-57.9838774694
1.61278808989582E+018,-44.3679929845,-7.3256439211,-56.5149958292
1.61278808991628E+018,-44.2859311597,-7.29565585987,-56.1007857567
1.61278808997161E+018,-44.1940872093,-7.26216079979,-55.901213436
1.612788089994E+018,-44.1616939974,-7.25336773862,-56.4234533893
1.61278809001635E+018,-44.1366173665,-7.25003837184,-56.4833258952
1.61278809004792E+018,-44.1687395062,-7.26641850426,-57.0241604022
1.61278809008332E+018,-44.2447374116,-7.29702131585,-57.4935513912
1.61278809011333E+018,-44.2523306208,-7.30176558534,-56.8791150222
1.61278809015632E+018,-44.2157870963,-7.28906856337,-56.4249546034
1.61278809018704E+018,-44.2808712923,-7.31246451213,-57.4083111284
1.61278809021466E+018,-44.2182655095,-7.29008388104,-56.1920824634
1.61278809025847E+018,-44.3370077577,-7.33323054916,-57.9604550704
1.61278809028769E+018,-44.2883869031,-7.31292888495,-56.3755412132
1.61278809032422E+018,-44.2869562492,-7.31009872574,-56.8008073926
1.61278809035628E+018,-44.2209634432,-7.28628172419,-56.1642973815
1.61278809038398E+018,-44.2823869071,-7.3097591965,-57.3913856624
1.61278809041411E+018,-44.5304586327,-7.39652190024,-59.3271331716
1.61278809045311E+018,-44.5348034627,-7.39196655859,-57.1218398467
1.61278809048186E+018,-44.6817128827,-7.43641362958,-58.5562917809
1.6127880905219E+018,-44.6628884166,-7.42047212246,-57.0475732886
1.61278809055575E+018,-44.6607538255,-7.40832296587,-57.1764032998
1.61278809058315E+018,-44.7539546469,-7.43001921514,-58.1417256451
1.61278809062421E+018,-44.6000489365,-7.36561592238,-55.7744363837
1.61278809066005E+018,-44.4970053594,-7.32473325212,-56.1533638425
1.61278809068612E+018,-44.3531266534,-7.2733245679,-55.6517647185
1.61278809072177E+018,-44.4108018941,-7.29633861933,-57.5411044492
1.61278809075246E+018,-44.3631890914,-7.28156236714,-56.5423936834
1.61278809078921E+018,-44.265091192,-7.2493224067,-55.977104001
1.61278809082211E+018,-44.3669648513,-7.28895215693,-57.8875137499
1.61278809085494E+018,-44.2369596232,-7.24713636936,-55.6737910386
1.61278809088443E+018,-44.2239175128,-7.24804352991,-56.7075825323
1.61278809091677E+018,-44.2227358979,-7.25523996199,-56.8291755186
1.61278809095757E+018,-44.3362090488,-7.30022660985,-57.9588232821
1.61278809098689E+018,-44.3275584559,-7.30175273829,-56.860106685
1.61278809101665E+018,-44.2421809935,-7.2775534424,-56.0855947423
1.61278809105573E+018,-44.3449329809,-7.3228072452,-57.9065090425
1.61278809108463E+018,-44.4725481667,-7.3739911191,-58.2544507361
1.6127880911266E+018,-44.548274666,-7.39946446656,-57.8169362558
1.61278809116212E+018,-44.5498526738,-7.39737053752,-57.1481947785
1.61278809119021E+018,-44.5751117484,-7.40001952894,-57.3565293473
1.61278809121947E+018,-44.577550444,-7.39388125394,-57.1519992767
1.61278809125835E+018,-44.5054857394,-7.36120593329,-56.4023961013
1.61278809128976E+018,-44.3823164757,-7.3094547334,-55.7906552627
1.61278809132329E+018,-44.365252455,-7.29944658182,-56.7531159299
1.61278809135906E+018,-44.2438870026,-7.25504075413,-55.7026241907
1.61278809138996E+018,-44.2711368873,-7.26763490397,-57.0969058254
1.61278809142251E+018,-44.2317774463,-7.25502886263,-56.441672244
1.61278809145581E+018,-44.1256146675,-7.22082813189,-55.7369394516
1.61278809149853E+018,-44.16787905,-7.24257751061,-57.1374869908
1.61278809152345E+018,-44.1653722589,-7.24562567006,-56.7089101971
1.61278809155134E+018,-44.1064674054,-7.23188447033,-56.1638983322
1.61278809159007E+018,-44.1395090335,-7.25198422128,-57.0307679973
1.61278809162009E+018,-44.1142812078,-7.25148913699,-56.4800544917
1.61278809165748E+018,-44.1277742353,-7.26280644646,-56.8204770707
1.61278809168485E+018,-44.1712227353,-7.28434117796,-57.1341599461
1.61278809172323E+018,-44.1975460931,-7.30091673613,-57.0223155554
1.61278809175492E+018,-44.2589959881,-7.32706501768,-57.3808119282
1.61278809179624E+018,-44.2222899092,-7.31474955695,-56.4282796355
1.61278809182503E+018,-44.4927734585,-7.40758052063,-59.4547273657
1.61278809185928E+018,-44.4872356668,-7.39759674916,-56.950380027
1.61278809189032E+018,-44.5332446518,-7.40424871352,-57.451920025
1.61278809192864E+018,-44.4406800604,-7.3607196366,-56.1001184243
1.6127880919565E+018,-44.3903735637,-7.33450502073,-56.4385253764
1.61278809198432E+018,-44.354522055,-7.31641164842,-56.5531058741
1.61278809202184E+018,-44.3289065783,-7.30257891503,-56.62025397
1.61278809205945E+018,-44.167587521,-7.24452606998,-55.2538607722
1.61278809208978E+018,-44.1232721137,-7.22995661411,-56.2581392701
1.61278809212731E+018,-44.1498323553,-7.24157534855,-56.9303324185
1.61278809215749E+018,-44.1649296685,-7.25089959605,-56.8628905305
1.61278809219933E+018,-44.1163525938,-7.23707816414,-56.2313152962
1.61278809222508E+018,-44.3092091726,-7.30835779363,-58.607905577
1.61278809226311E+018,-44.3406133789,-7.32079997973,-57.1963003186
1.61278809228821E+018,-44.3696435437,-7.33151102995,-57.2021453611
1.6127880923252E+018,-44.3032738135,-7.30954142135,-56.2831697166
1.61278809236914E+018,-44.3853831449,-7.34099958728,-57.7097860504
1.61278809239726E+018,-44.5326211665,-7.39291774324,-58.4440297008
1.61278809243068E+018,-44.3725389097,-7.33487868734,-55.5073465304
1.61278809245514E+018,-44.3786565995,-7.33733886798,-57.0061878553
1.61278809249786E+018,-44.3885968828,-7.34224575793,-57.0619827886
1.61278809252331E+018,-44.3459777058,-7.32305127592,-56.4919682465
1.61278809256953E+018,-44.2879864388,-7.29905844629,-56.2914803067
1.61278809259539E+018,-44.272100623,-7.28930919561,-56.6411034055
1.61278809263553E+018,-44.2440975408,-7.27696324592,-56.5161893049
1.61278809266512E+018,-44.2511608104,-7.27799757957,-56.846176018
1.61278809269676E+018,-44.2204873371,-7.26613822657,-56.4784314749
1.61278809272231E+018,-44.2200335637,-7.26569846822,-56.7535014433
1.61278809276328E+018,-44.210366197,-7.26549787524,-56.6922358118
1.61278809280195E+018,-44.1356077572,-7.2443799132,-56.0410663764
1.61278809283111E+018,-44.0836675757,-7.23289104621,-56.1926641886
1.61278809286219E+018,-43.8621985656,-7.16387319042,-54.4361502694
1.6127880928966E+018,-43.9748668769,-7.21734782559,-57.5775989813
1.61278809292281E+018,-43.9226087972,-7.2071556953,-55.9962946996
1.61278809296517E+018,-43.9142578277,-7.21241310379,-56.3726182776
1.61278809299594E+018,-43.9724453927,-7.23984973982,-57.0198168524
1.61278809302666E+018,-43.9903215174,-7.25292274662,-56.6806818808
1.61278809307213E+018,-44.146347102,-7.31130330027,-58.0637399345
1.61278809309738E+018,-44.0050192303,-7.25884931577,-55.1973757359
1.61278809312612E+018,-44.0658362806,-7.28204042889,-57.1052342686
1.61278809316662E+018,-44.1285465969,-7.30352863976,-57.1765626729
1.61278809320301E+018,-44.3666475014,-7.38330093238,-58.9914447092
1.61278809323587E+018,-44.3253923293,-7.36087948848,-56.43071104
1.61278809328016E+018,-44.3380270419,-7.35879345254,-56.9383718388
1.61278809330037E+018,-44.4574754893,-7.39343126705,-58.0252670897
1.61278809334669E+018,-44.4628154488,-7.38602887501,-57.0054130818
1.61278809336738E+018,-44.307674604,-7.32237384362,-55.3976117888
1.61278809340294E+018,-44.4419455351,-7.36297621266,-58.1517678269
1.61278809343437E+018,-44.4077657216,-7.3417566619,-56.5959639927
1.61278809347049E+018,-44.3801256146,-7.32340005642,-56.6280902412
1.61278809350452E+018,-44.4118470724,-7.32755222237,-57.2107664677
1.61278809353681E+018,-44.3901768032,-7.31351619503,-56.7189999106
1.61278809357665E+018,-44.395326532,-7.31453075676,-57.0165702784
1.6127880936076E+018,-44.4350404872,-7.32592431077,-57.3556493146
1.61278809363802E+018,-44.5574361203,-7.36714762893,-58.2461731802
1.61278809366706E+018,-44.4319402233,-7.32100349835,-55.894889065
1.61278809369643E+018,-44.3941124458,-7.30820583956,-56.6487624204
1.61278809374477E+018,-44.286745312,-7.27294057046,-55.9190592141
1.61278809377604E+018,-44.2422374709,-7.25954858681,-56.4185760925
1.6127880938047E+018,-44.4048751116,-7.32303672655,-58.4897160451
1.61278809383817E+018,-44.5134429606,-7.36410053238,-58.1107478869
1.61278809387965E+018,-44.4736806506,-7.35119759322,-56.7302349078
1.61278809391574E+018,-44.7456922194,-7.44317728466,-59.7819197334
1.61278809394766E+018,-44.730531704,-7.43070582011,-57.18842436
1.61278809397907E+018,-44.7089165893,-7.4167669648,-57.1138717997
1.61278809400816E+018,-44.7710052782,-7.43029298873,-57.9152434298
1.61278809404856E+018,-44.7467875552,-7.41254256266,-57.1148857004
1.61278809406956E+018,-44.5975364147,-7.35577649347,-55.8721378377
1.61278809410516E+018,-44.5277093763,-7.32771221421,-56.4984357743
1.61278809413821E+018,-44.500112041,-7.31693093918,-56.8622486556
1.61278809417585E+018,-44.5450857416,-7.33300418767,-57.5731402536
1.61278809420706E+018,-44.6825608678,-7.37997221733,-58.5464861416
1.61278809424449E+018,-44.6627570385,-7.37024842116,-57.1167185839
1.61278809427195E+018,-44.639215712,-7.36014011809,-57.0641038086
1.61278809431211E+018,-44.5017948467,-7.31074730271,-55.8942228503
1.61278809434809E+018,-44.3600133952,-7.2604917547,-55.6883135106
1.61278809437491E+018,-44.4706866193,-7.30369709933,-58.1040499484
1.61278809440527E+018,-44.2344896375,-7.22516712954,-54.7425427457
1.61278809444298E+018,-44.1828378146,-7.21895943483,-56.3808876143
1.61278809447425E+018,-44.2443216058,-7.25515975256,-57.4791360843
1.61278809450248E+018,-44.1878257851,-7.24641216686,-56.3284896332
1.61278809454159E+018,-44.3412082674,-7.30979406712,-58.3572246139
1.6127880945702E+018,-44.5038832305,-7.37398703243,-58.6136035958
1.61278809460828E+018,-44.4290164252,-7.34626765772,-56.3381136404
1.61278809464198E+018,-44.4467775893,-7.35204948601,-57.1891368529
1.61278809467234E+018,-44.4669209091,-7.35802700317,-57.2289993421
1.61278809470503E+018,-44.485884271,-7.36103646039,-57.2185912926
1.61278809474397E+018,-44.4484093346,-7.34357544695,-56.667926177
1.61278809477607E+018,-44.5511080405,-7.37798488497,-58.0605764376
1.6127880948126E+018,-44.5395601064,-7.37161069604,-57.0290767999
1.61278809484659E+018,-44.5789053925,-7.38366489662,-57.5335389459
1.61278809487308E+018,-44.6183670871,-7.39378162087,-57.5651848419
1.61278809490171E+018,-44.6035117107,-7.38071669492,-57.0294005402
1.61278809494573E+018,-44.5770282272,-7.36347644593,-56.8955268082
1.61278809497454E+018,-44.6034286121,-7.36476147899,-57.3983630529
1.61278809501138E+018,-44.5871967291,-7.35289103068,-57.0202734744
1.61278809504229E+018,-44.579399146,-7.34726625387,-57.1175358803
1.61278809506781E+018,-44.525953636,-7.32361271281,-56.6305640307
1.61278809511111E+018,-44.5776340632,-7.342825296,-57.6810557507
1.61278809514164E+018,-44.6635839729,-7.37467278909,-58.0952475596
1.61278809516827E+018,-44.5901784556,-7.34888650083,-56.5782934558
1.61278809521022E+018,-44.6006118125,-7.35611414731,-57.3660477365
1.61278809524771E+018,-44.6392007792,-7.37063394377,-57.6377394702
1.61278809528223E+018,-44.7003060341,-7.38904024931,-57.8749532536
1.61278809530716E+018,-44.5968166867,-7.35088652734,-56.3028355731
1.61278809534619E+018,-44.6358931732,-7.36470987151,-57.6311499271
1.61278809537698E+018,-44.6803264565,-7.37956153826,-57.7252811337
1.6127880954165E+018,-44.6454090744,-7.36598408179,-56.9748589571
1.61278809545264E+018,-44.5696608419,-7.34043553355,-56.542377944
1.61278809549737E+018,-44.5284896735,-7.32687967119,-56.7963011015
1.61278809554491E+018,-44.5336534009,-7.33078419472,-57.223602744
1.61278809555308E+018,-44.4313929818,-7.29659970727,-56.1430385008
1.61278809558848E+018,-44.3524231297,-7.27194096542,-56.264307248
1.61278809561091E+018,-44.4098656483,-7.2966262855,-57.5551538224
1.61278809564538E+018,-44.3560314908,-7.28193643586,-56.4998993265
1.61278809567728E+018,-44.3857295721,-7.2968971911,-57.2777267724
1.61278809572712E+018,-44.4417118116,-7.32056557346,-57.5731109046
1.61278809575066E+018,-44.4085276372,-7.31211876514,-56.7343068883
1.61278809578459E+018,-44.6565840462,-7.40328381202,-59.535657261
1.61278809581667E+018,-44.4558806068,-7.33212062085,-55.2709786099
1.61278809584819E+018,-44.3807253188,-7.30705799062,-56.308772157
1.6127880958731E+018,-44.5290177509,-7.36243345274,-58.4868318671
1.61278809591207E+018,-44.4334983047,-7.32934849814,-56.1836332415
1.6127880959411E+018,-44.5109192522,-7.35729821992,-57.8123938025
1.6127880959772E+018,-44.410488417,-7.3199422575,-56.0879591419
1.61278809601433E+018,-44.4382229196,-7.33096103603,-57.2882398456
1.61278809604378E+018,-44.3806707608,-7.31042858708,-56.4473728993
1.61278809608097E+018,-44.4182200981,-7.32251090643,-57.3285192027
1.61278809611005E+018,-44.459942519,-7.33505495653,-57.4079629897
1.61278809614035E+018,-44.4188559889,-7.3187992647,-56.6276334116
1.61278809617796E+018,-44.397589684,-7.31073871388,-56.7889863879
1.61278809620429E+018,-44.4797669835,-7.3384704213,-57.8012013141
1.6127880962441E+018,-44.4486936687,-7.32691979855,-56.7652181248
1.61278809628207E+018,-44.5139816327,-7.35133498658,-57.7182152553
1.61278809630942E+018,-44.489382881,-7.34210268873,-56.8725415932
1.61278809635032E+018,-44.6383222868,-7.39504684019,-58.6032876741
1.61278809638078E+018,-44.6476873128,-7.39595923557,-57.3509023036
1.61278809640647E+018,-44.5376266952,-7.35434121008,-56.1534279442
1.61278809645249E+018,-44.4554237667,-7.32582337574,-56.3303124387
1.61278809647517E+018,-44.5657532145,-7.36044015633,-58.1293996683
1.61278809651482E+018,-44.6989537135,-7.40428451146,-58.5077403696
1.61278809654774E+018,-44.6900967559,-7.39768084433,-57.2346887839
1.61278809657993E+018,-44.7926998751,-7.42701221962,-58.3190867359
1.61278809662122E+018,-44.7589200917,-7.40880997422,-57.0753134768
1.61278809665467E+018,-44.8581289675,-7.43610873466,-58.3654672406
1.61278809668086E+018,-44.7030330456,-7.37535863046,-55.9371852267
1.61278809671824E+018,-44.535267906,-7.31361713077,-55.6527000807
1.61278809675132E+018,-44.5430594058,-7.31830705839,-57.2615613588
1.61278809678404E+018,-44.658955527,-7.36011707322,-58.3529430178
1.61278809682148E+018,-44.4885174488,-7.29955050929,-55.5916087166
1.61278809685564E+018,-44.5157990318,-7.31283655861,-57.4166581142
1.6127880968847E+018,-44.4305145659,-7.28752934412,-56.3229353297
1.61278809691341E+018,-44.378659344,-7.27459188954,-56.5598130037
1.61278809695928E+018,-44.653745109,-7.3773718035,-59.7991564902
1.61278809698991E+018,-44.63035838,-7.36940912622,-57.0715011526
1.61278809702041E+018,-44.6162463815,-7.36623466306,-57.1500665716
1.61278809705914E+018,-44.6880597496,-7.39031473462,-57.9715867072
1.61278809708974E+018,-44.5932553248,-7.35468366557,-56.3692156679
1.61278809712344E+018,-44.6112974365,-7.36284621629,-57.429299608
1.6127880971563E+018,-44.6008480661,-7.36301538061,-57.1818899367
1.61278809718824E+018,-44.561901326,-7.35190143645,-56.8686528242
1.61278809722276E+018,-44.7125639693,-7.40477694861,-58.7077116321
1.6127880972627E+018,-44.6797442842,-7.39058250282,-57.0185284298
1.61278809729281E+018,-44.6427367958,-7.37322281199,-56.9211687359
1.61278809732043E+018,-44.7763649042,-7.41606558375,-58.5999363131
1.61278809735055E+018,-44.8113685334,-7.41885152785,-57.7212846021
1.61278809737961E+018,-44.8360038986,-7.4198485832,-57.6796575208
1.61278809741894E+018,-44.8346742142,-7.41482905253,-57.4788564768
1.61278809744707E+018,-44.8237055332,-7.40668643443,-57.3837762892
1.61278809748662E+018,-44.7640282997,-7.37955389179,-56.8633466486
1.61278809752036E+018,-44.6901320739,-7.35263948049,-56.6965061772
1.61278809755122E+018,-44.6040284347,-7.32306861129,-56.4981122694
1.61278809759126E+018,-44.4479182823,-7.27352622099,-55.7288830774
1.61278809761927E+018,-44.4372239654,-7.27997050799,-57.0469426402
1.61278809764812E+018,-44.3471713155,-7.25372735575,-56.1867322184
1.61278809768643E+018,-44.2335879853,-7.22170658532,-55.8604473588
1.61278809771814E+018,-44.2359807955,-7.23264187393,-56.9086488196
1.61278809775795E+018,-44.105912418,-7.19575942586,-55.5615127696
1.61278809778591E+018,-44.1852281311,-7.23619425339,-57.5451450697
1.6127880978136E+018,-44.0671332683,-7.20573589412,-55.6342477221
1.61278809785271E+018,-44.0889080643,-7.22642017149,-56.9146825475
1.61278809788415E+018,-44.2556980272,-7.29756340916,-58.3951248183
1.61278809791917E+018,-44.5236719175,-7.39655361262,-59.5454721798
1.61278809796012E+018,-44.4120321694,-7.35796910455,-56.0061917311
1.61278809799053E+018,-44.3820172483,-7.35079014853,-56.7163724089
1.61278809801905E+018,-44.3857979475,-7.35266861387,-56.9929612003
1.61278809805885E+018,-44.3031672679,-7.32279529143,-56.1129867475
1.61278809808465E+018,-44.5208368919,-7.39722420561,-59.0285236083
1.61278809812055E+018,-44.4964649685,-7.38126121087,-56.8064807162
1.61278809815536E+018,-44.6675001346,-7.43234177136,-58.7341979722
1.61278809818433E+018,-44.734167834,-7.44312096334,-57.8610841639
1.61278809822593E+018,-44.6856906843,-7.41266710095,-56.778467702
1.61278809825727E+018,-44.6023247838,-7.37191779308,-56.3892378223
1.61278809829383E+018,-44.5660965307,-7.35192804528,-56.8043074304
1.61278809832314E+018,-44.5562648098,-7.34157981409,-57.0318401785
1.6127880983598E+018,-44.5140273737,-7.32180683097,-56.7134247211
1.6127880983844E+018,-44.6034362075,-7.35118174744,-58.0173693958
1.61278809842704E+018,-44.6887303577,-7.37745519436,-58.0713459329
1.61278809846189E+018,-44.5429126039,-7.32517294208,-55.8711398225
1.61278809849358E+018,-44.5907624054,-7.34273393801,-57.6618718954
1.61278809852083E+018,-44.7302092368,-7.39466194262,-58.6640672422
1.61278809856217E+018,-44.5547096635,-7.33527629278,-55.6524233595
1.61278809858575E+018,-44.5193628946,-7.32631984355,-56.8602368639
1.61278809861993E+018,-44.4244882893,-7.29233446679,-56.1779769269
1.61278809866224E+018,-44.3079249355,-7.25542724831,-55.8863255719
1.61278809868832E+018,-44.2323354918,-7.23636620197,-56.1870348598
1.61278809873184E+018,-44.2396557969,-7.24817220474,-56.9441366754
1.61278809875807E+018,-44.2707855597,-7.27052622101,-57.2104892838
1.61278809878712E+018,-44.2553004523,-7.27195985416,-56.73356312
1.61278809882535E+018,-44.2688758198,-7.2845439023,-57.014065178
1.6127880988608E+018,-44.2201495339,-7.27151576952,-56.3659820371
1.61278809889395E+018,-44.0541387734,-7.2168340214,-55.1182793507
1.61278809892255E+018,-44.0305164433,-7.2154932225,-56.3796837982
1.61278809896232E+018,-44.2834432,-7.3116878924,-59.1406715812
1.61278809898933E+018,-44.2448742898,-7.30125666181,-56.4709986791
1.61278809903118E+018,-44.3201375067,-7.33105870252,-57.5724417502
1.61278809905547E+018,-44.3252928525,-7.33541970406,-56.9491350376
1.61278809909361E+018,-44.4153849344,-7.36680186808,-57.7849097908
1.61278809912318E+018,-44.4969303182,-7.39050230947,-57.7662159549
1.61278809916369E+018,-44.3861577527,-7.34782589039,-55.9391953474
1.6127880991921E+018,-44.4718923616,-7.37412539792,-57.7849108704
1.61278809923081E+018,-44.3926575629,-7.33697182355,-56.1774713918
1.61278809926427E+018,-44.4319305348,-7.34502474489,-57.3107602162
1.61278809929044E+018,-44.7690391516,-7.45525310647,-60.3413737326
1.61278809932786E+018,-44.645860429,-7.39949720079,-56.0773238629
1.61278809936604E+018,-44.6213109392,-7.38304924751,-56.9669726311
1.61278809939322E+018,-44.6642297991,-7.39233572649,-57.6380991887
1.61278809942962E+018,-44.4426489977,-7.30904297946,-55.0287374974
1.61278809946106E+018,-44.4667164216,-7.31553372546,-57.267394005
1.61278809948905E+018,-44.4918129655,-7.32232758524,-57.307704306
1.61278809953584E+018,-44.5264409107,-7.3317724561,-57.4291569979
1.61278809956604E+018,-44.5624351664,-7.34233907867,-57.4924266294
1.61278809959837E+018,-44.6058042747,-7.35915957755,-57.6452791298
1.61278809963707E+018,-44.516151439,-7.3309179062,-56.3719730503
1.61278809966147E+018,-44.6159505977,-7.36633191259,-58.1445459569
1.61278809969597E+018,-44.635953669,-7.37344135893,-57.4598507864
1.61278809973486E+018,-44.7034940083,-7.39590720714,-57.9512703022
1.61278809976851E+018,-44.6877637427,-7.38866376784,-57.1906152583
1.61278809980056E+018,-44.7414025661,-7.40472276782,-57.8613421964
1.61278809983085E+018,-44.695194963,-7.38372178522,-56.9030274869
1.61278809987173E+018,-44.6877642947,-7.38014799594,-57.27352431
1.61278809989972E+018,-44.7037544213,-7.38379001338,-57.4915023438
1.61278809992928E+018,-44.6192677939,-7.35473915274,-56.5224063988
1.61278809996639E+018,-44.5849374978,-7.3451545337,-56.9410294237
1.61278809999288E+018,-44.751727169,-7.39922362518,-58.8619669504
1.61278810003512E+018,-44.9734128089,-7.47087513541,-59.6061377605
1.61278810006806E+018,-44.8877000138,-7.43145399464,-56.7523635877
1.61278810009745E+018,-44.7778029658,-7.38476119853,-56.4173355751
1.6127881001349E+018,-44.6822721326,-7.35061215765,-56.4985287398
1.61278810016466E+018,-44.60087477,-7.32384975965,-56.5462427906
1.61278810019505E+018,-44.6097951339,-7.33046634271,-57.3717321982
1.61278810023655E+018,-44.568459703,-7.31934388042,-56.8743037561
1.61278810026812E+018,-44.6136347342,-7.33892126223,-57.697797544
1.61278810029338E+018,-44.5253922972,-7.31053609834,-56.3970128895
1.61278810033619E+018,-44.5148747237,-7.31336531728,-57.1075042915
1.61278810036489E+018,-44.6059369588,-7.35001445013,-58.0997992569
1.61278810040661E+018,-44.6905839608,-7.3821566781,-58.1248228269
1.61278810044236E+018,-44.7542683921,-7.4037969387,-57.9877742755
1.61278810046982E+018,-44.7588440484,-7.40385809091,-57.4625527281
1.61278810050079E+018,-44.7152397993,-7.38597645524,-56.973358595
1.61278810053711E+018,-44.8053563835,-7.41646271542,-58.2815409649
1.61278810057115E+018,-44.8025732423,-7.41289689568,-57.4426787083
1.61278810059915E+018,-44.8171156872,-7.41518528459,-57.6124331979
1.61278810063991E+018,-44.6848080704,-7.36818468039,-56.1713406245
1.61278810066909E+018,-44.7946739938,-7.40942271537,-58.4796860562
1.61278810069845E+018,-44.9257595991,-7.4523890049,-58.7750626559
1.61278810074333E+018,-44.8845817938,-7.42748519479,-57.1325408589
1.61278810076761E+018,-44.8820344536,-7.41792040005,-57.4909665847
1.61278810079892E+018,-44.9778273528,-7.44440101186,-58.4959102892
1.61278810083621E+018,-44.9633069391,-7.43232333164,-57.5052779326
1.61278810086806E+018,-44.8296702065,-7.38124273063,-56.314630085
1.61278810090268E+018,-44.836753918,-7.38226413771,-57.5952911126
1.6127881009403E+018,-44.8536998975,-7.38791636674,-57.7147472201
1.61278810096846E+018,-44.8419525825,-7.38283647304,-57.4405136355
1.6127881009968E+018,-44.7567380052,-7.35511775758,-56.7147827896
1.61278810104086E+018,-44.5999149134,-7.30565352624,-55.9188016608
1.61278810106881E+018,-44.4920494266,-7.27563554296,-56.2389657958
1.61278810110594E+018,-44.4952262032,-7.28523303308,-57.2296179568
1.61278810113601E+018,-44.2994339504,-7.224483416,-55.220933149
1.61278810116859E+018,-44.2405696662,-7.2154921161,-56.3926281823
1.61278810120194E+018,-44.2421593594,-7.22964774318,-56.9442022531
1.61278810123349E+018,-44.2637293642,-7.24857767559,-57.1231510932
1.61278810126846E+018,-44.2244391531,-7.2455220233,-56.5271259755
1.61278810131039E+018,-44.3495673536,-7.29961574839,-58.1278926659
1.61278810134109E+018,-44.2443327469,-7.27343312961,-55.961460753
1.61278810136896E+018,-44.1295666167,-7.24374766191,-55.7311814664
1.61278810140325E+018,-44.211941948,-7.28146693958,-57.5577102528
1.61278810143552E+018,-44.2442714895,-7.29977149535,-57.1345775241
1.61278810147035E+018,-44.2858769637,-7.31958262683,-57.2493258136
1.61278810151002E+018,-44.1733607775,-7.28157594069,-55.7108581269
1.61278810153607E+018,-44.2362855637,-7.30553478433,-57.3441250836
1.61278810157729E+018,-44.1277571578,-7.26968696638,-55.6957975103
1.61278810160582E+018,-44.2789339266,-7.32467722654,-58.1766980843
1.61278810164086E+018,-44.3103620558,-7.33249053513,-57.1073734153
1.61278810166923E+018,-44.3790392191,-7.35080099207,-57.4987208705
1.61278810170846E+018,-44.3849182579,-7.34558208415,-56.9381295039
1.61278810174089E+018,-44.5630248475,-7.40167652138,-58.6915129089
1.61278810177433E+018,-44.6616247903,-7.42731826041,-58.0872196893
1.61278810180954E+018,-44.6922905899,-7.42624553174,-57.4997296702
1.61278810184665E+018,-44.6205045522,-7.39262545459,-56.5393353572
1.61278810187059E+018,-44.6361046895,-7.39230221123,-57.3585137355
1.6127881019072E+018,-44.6278135328,-7.38350743321,-57.1377157244
1.61278810194011E+018,-44.7017277158,-7.4032025241,-57.9546006286
1.61278810196782E+018,-44.7428359853,-7.41099140924,-57.7129428069
1.61278810200571E+018,-44.69361248,-7.38409253393,-56.8275865981
1.61278810204551E+018,-44.6173834079,-7.35129553524,-56.53082857
1.61278810207582E+018,-44.5345775764,-7.3210288009,-56.4173030394
1.61278810210792E+018,-44.3927372885,-7.27125174518,-55.7322835875
1.61278810214577E+018,-44.3492745543,-7.25873278401,-56.575218993
1.6127881021726E+018,-44.3756398776,-7.27099227805,-57.2278710998
1.61278810220172E+018,-44.4967238077,-7.31861728626,-58.2339158637
1.61278810224291E+018,-44.4263288987,-7.29673361453,-56.4299857084
1.61278810226787E+018,-44.3854746867,-7.29020370129,-56.6862056115
1.61278810230767E+018,-44.3029343421,-7.2682071412,-56.2058196879
1.61278810235095E+018,-44.3160147782,-7.2815813592,-57.0828213395
1.612788102379E+018,-44.421004539,-7.32597986795,-58.0112910372
1.61278810240821E+018,-44.4705929986,-7.34949345231,-57.5660152745
1.61278810244786E+018,-44.3031158203,-7.29333658175,-55.4047693903
1.61278810247886E+018,-44.2816518754,-7.28945188993,-56.6794169434
1.61278810251071E+018,-44.3137510403,-7.30351002531,-57.1840083919
1.61278810255599E+018,-44.2939589963,-7.29981887814,-56.7036930418
1.61278810258198E+018,-44.4055735744,-7.34137722031,-57.9948853873
1.61278810260877E+018,-44.6438331269,-7.42402609692,-59.3767965716
1.61278810264178E+018,-44.5665899976,-7.38965137509,-56.4313956069
1.61278810267783E+018,-44.5061263277,-7.36110787771,-56.5071649908
1.61278810271912E+018,-44.3936385,-7.31594563181,-55.9257890415
1.61278810275249E+018,-44.3433181995,-7.2955945457,-56.4436318677
1.61278810277852E+018,-44.5942271151,-7.38188664274,-59.4276936587
1.61278810280956E+018,-44.7541915325,-7.43366925077,-58.7958321811
1.61278810284968E+018,-44.8675496882,-7.46687855401,-58.5031880048
1.61278810288433E+018,-44.768917091,-7.42388335803,-56.4906381976
1.61278810291322E+018,-44.8246251359,-7.43427131343,-57.9204400715
1.61278810294649E+018,-44.8801851618,-7.44484120952,-57.9922141034
1.61278810298095E+018,-44.8907365473,-7.43962358434,-57.6094703079
1.61278810301181E+018,-44.7599905308,-7.38746578339,-56.2250905636
1.61278810305468E+018,-44.683581798,-7.35761524371,-56.6438757598
1.61278810308112E+018,-44.6748286975,-7.35127249231,-57.2309947016
1.61278810311136E+018,-44.7266074052,-7.36525390478,-57.8233211082
1.61278810315097E+018,-44.7399488103,-7.36878552035,-57.5288753775
1.6127881031766E+018,-44.6088778211,-7.32344973215,-56.1067480093
1.61278810321346E+018,-44.6595126573,-7.34464388375,-57.8026420496
1.61278810324632E+018,-44.6211963298,-7.33546185423,-56.9749906231
1.6127881032824E+018,-44.6666002475,-7.35502766937,-57.7647803503
1.6127881033149E+018,-44.6263633817,-7.33934088752,-56.9087168257
1.61278810334886E+018,-44.631634607,-7.34222832919,-57.3425752062
1.61278810337634E+018,-44.6227598348,-7.34196550995,-57.2229047109
1.61278810341422E+018,-44.6873781451,-7.37083959944,-57.9825466646
1.61278810345271E+018,-44.6144763548,-7.35313817715,-56.6890085473
1.61278810348786E+018,-44.5890546233,-7.3495245655,-57.0517826391
1.61278810351219E+018,-44.45374541,-7.30531451884,-55.8925565658
1.61278810355047E+018,-44.5147709231,-7.32957201895,-57.7004808326
1.61278810358289E+018,-44.4018024116,-7.29368805386,-56.0292304917
1.61278810361767E+018,-44.2898013314,-7.25915519659,-55.908479823
1.6127881036528E+018,-44.2340920731,-7.24473879315,-56.3404608517
1.61278810368379E+018,-44.1750151308,-7.2290828051,-56.2363684369
1.61278810370996E+018,-44.1540360746,-7.22969289385,-56.5731711931
1.61278810375572E+018,-44.3302419338,-7.30010555842,-58.5382640728
1.61278810378679E+018,-44.243952723,-7.27512326427,-56.0761160887
1.61278810381306E+018,-44.1394934406,-7.24411601175,-55.7885863436
1.6127881038522E+018,-44.3864143516,-7.33618977153,-59.19831215
1.61278810388461E+018,-44.5227926548,-7.38631428718,-58.3565010729
1.61278810391566E+018,-44.4253328094,-7.35062564718,-56.1314749294
1.61278810395245E+018,-44.3377640921,-7.32077364098,-56.1332802268
1.61278810398163E+018,-44.3154403214,-7.31385484635,-56.6832484364
1.61278810401585E+018,-44.2726569101,-7.30041357273,-56.4552158158
1.6127881040556E+018,-44.3068793143,-7.31371343694,-57.1756986416
1.61278810408491E+018,-44.3021969901,-7.31195842985,-56.8122508877
1.61278810411953E+018,-44.2914224163,-7.30558153694,-56.7223597056
1.61278810415223E+018,-44.2120172462,-7.27573746081,-56.0239032441
1.61278810418132E+018,-44.2300155576,-7.28073454984,-56.9150299639
1.61278810422655E+018,-44.1969292649,-7.2694224183,-56.4376490593
1.61278810425408E+018,-44.3238843781,-7.31221904586,-57.9914804883
1.61278810429025E+018,-44.2605200991,-7.28759642008,-56.2239664361
1.61278810431877E+018,-44.3325219925,-7.3133586461,-57.5378349117
1.6127881043506E+018,-44.3843668503,-7.33167428755,-57.419508212
1.61278810439083E+018,-44.2588043749,-7.28883931773,-55.7049664326
1.61278810441716E+018,-44.3041541155,-7.30911303301,-57.3016982065
1.61278810444729E+018,-44.2938164087,-7.30548863886,-56.7547510988
1.61278810448877E+018,-44.2180963652,-7.28122283097,-56.1040698096
1.61278810451774E+018,-44.3173231282,-7.32203067825,-57.8073438737
1.61278810455991E+018,-44.23474465,-7.2925077495,-56.0348235138
1.61278810459243E+018,-44.1834213734,-7.27215036498,-56.2321581717
1.6127881046187E+018,-44.2320761754,-7.28884268414,-57.1957726137
1.61278810465756E+018,-44.3483860921,-7.32922498687,-57.9371889449
1.6127881046855E+018,-44.3888436634,-7.34088702778,-57.2962868231
1.61278810472789E+018,-44.5054402483,-7.37891125502,-58.1107914621
1.61278810475747E+018,-44.6203986186,-7.41305623915,-58.2078512478
1.61278810478372E+018,-44.6996519171,-7.43239498358,-57.9698923831
1.61278810482398E+018,-44.7417397229,-7.43752466871,-57.684211485
1.612788104855E+018,-44.8904558697,-7.48090219563,-58.8208862085
1.61278810489074E+018,-44.7986149034,-7.43784441019,-56.5626177408
1.61278810492457E+018,-44.717414702,-7.40213829886,-56.5932786403
1.6127881049582E+018,-44.7915463256,-7.42023646372,-58.0549041726
1.61278810499311E+018,-45.0196560289,-7.49204468169,-59.6973587503
1.61278810502163E+018,-44.9918784692,-7.46909436494,-57.3551348515
1.61278810505548E+018,-45.1804478909,-7.52132995181,-59.4989426816
1.61278810509063E+018,-45.2871399429,-7.54433059974,-58.9047567114
1.61278810513222E+018,-45.2800573549,-7.52563490874,-57.8770109102
1.61278810516023E+018,-45.1909158814,-7.48013926923,-57.0644230408
1.61278810518323E+018,-45.076024064,-7.43086063602,-56.7480168616
1.61278810522004E+018,-45.1016282824,-7.43236146012,-58.0396438641
1.61278810526056E+018,-45.1557702627,-7.44662137645,-58.3865087105
1.61278810529158E+018,-45.1716561411,-7.44974528145,-58.0900035175
1.61278810532431E+018,-45.186217728,-7.45355887439,-58.1075731424
1.61278810536617E+018,-45.1183776135,-7.42840067733,-57.2948384121
1.61278810539506E+018,-44.9885698319,-7.38468919663,-56.6167026422
1.61278810543287E+018,-44.8801940849,-7.35095122022,-56.6954450031
1.61278810545896E+018,-44.8628453929,-7.35049776979,-57.4911652373
1.6127881054879E+018,-44.8963099764,-7.36774285578,-57.979414566
1.61278810552432E+018,-44.8995440484,-7.37405323046,-57.7113599443
1.61278810555935E+018,-44.9961188711,-7.41041462779,-58.6299957721
1.61278810558776E+018,-44.928325101,-7.39032566375,-57.1024154442
1.61278810563052E+018,-44.8234934162,-7.36193470059,-56.6876545869
1.61278810565319E+018,-44.5939149349,-7.29249862859,-55.3238905036
1.61278810569191E+018,-44.6254067685,-7.3147903752,-57.6711463113
1.61278810572792E+018,-44.6686186556,-7.34130724007,-57.8255895859
1.61278810575683E+018,-44.6381717669,-7.33730525942,-57.0898962045
1.61278810579709E+018,-44.7652340114,-7.3856559304,-58.6113393505
1.61278810582745E+018,-44.6614562894,-7.3501283696,-56.4131316414
1.61278810586395E+018,-44.6047982059,-7.3342210095,-56.7886386516
1.61278810589524E+018,-44.527319908,-7.31405880365,-56.535934942
1.61278810593161E+018,-44.4453406721,-7.29290618832,-56.3986617902
1.61278810596588E+018,-44.386998069,-7.27964382986,-56.5302770016
1.61278810599365E+018,-44.3953871331,-7.28910600527,-57.122846108
1.61278810602788E+018,-44.3885163701,-7.29108882989,-56.958044177
1.61278810606621E+018,-44.5389077141,-7.34749927395,-58.5265776088
1.61278810608938E+018,-44.5195371124,-7.34288643452,-56.985693568
1.61278810613758E+018,-44.5363993051,-7.35259364216,-57.3409852639
1.6127881061604E+018,-44.5703287523,-7.36743937223,-57.524522479
1.61278810619436E+018,-44.5227312947,-7.35166373476,-56.7248423523
1.61278810623406E+018,-44.5581779882,-7.36468067665,-57.4997613618
1.61278810626046E+018,-44.6032676871,-7.3768797597,-57.6017019815
1.6127881062875E+018,-44.5616972757,-7.35784310694,-56.77709387
1.61278810633629E+018,-44.51398658,-7.33842283195,-56.6817685177
1.61278810635761E+018,-44.5056233404,-7.33775942355,-57.0659383085
1.61278810639857E+018,-44.6350583331,-7.38407993935,-58.4312534208
1.61278810643165E+018,-44.7248776745,-7.41227435431,-58.1517617343
1.61278810646957E+018,-44.6623684051,-7.38576163251,-56.7160134479
1.612788106497E+018,-44.6666183715,-7.38051672405,-57.2937321466
1.61278810653183E+018,-44.6878010723,-7.3824637248,-57.4832286093
1.61278810655943E+018,-44.6711091253,-7.37147898947,-57.1325508555
1.61278810659447E+018,-44.575977267,-7.3349979588,-56.3417169305
1.6127881066403E+018,-44.6076449418,-7.34644027097,-57.5354950831
1.61278810666635E+018,-44.5777333189,-7.33741249623,-56.9641386153
1.61278810669339E+018,-44.4792860181,-7.30569020156,-56.2486493274
1.61278810673692E+018,-44.3711939105,-7.27364118465,-56.0578073021
1.61278810676272E+018,-44.2893555696,-7.2503053929,-56.1835464116
1.61278810679924E+018,-44.3157361643,-7.26674761946,-57.1890136207
1.61278810682748E+018,-44.3992314679,-7.30198325007,-57.7836717896
1.6127881068648E+018,-44.325216027,-7.27981164593,-56.2773199995
1.61278810689045E+018,-44.3565279607,-7.29679602183,-57.2671064966
1.61278810693134E+018,-44.2903499501,-7.27844875705,-56.3108274952
1.612788106968E+018,-44.2133427422,-7.25672432712,-56.1228511956
1.61278810699865E+018,-44.1562672375,-7.24429030551,-56.2486943071
1.6127881070378E+018,-44.2375518438,-7.28203994559,-57.5858431566
1.61278810706338E+018,-44.1467309704,-7.25830931622,-55.9380104999
1.61278810709083E+018,-44.0689294714,-7.23808412146,-55.945363807
1.61278810713445E+018,-44.124666643,-7.26316287787,-57.1794083538
1.61278810716244E+018,-44.1239103713,-7.26760844197,-56.6693078046
1.61278810720304E+018,-44.2126751386,-7.30208510252,-57.5564998511
1.61278810723164E+018,-44.2297247111,-7.30809495568,-56.9112479213
1.61278810726958E+018,-44.3089783661,-7.33443115373,-57.5452551198
1.61278810730353E+018,-44.5129147912,-7.40315175867,-58.8869960471
1.61278810733304E+018,-44.6547263242,-7.44403247651,-58.4564005415
1.61278810736534E+018,-44.6198765079,-7.42000788372,-56.8255244359
1.61278810739955E+018,-44.6586217156,-7.42358044307,-57.5440587166
1.61278810742837E+018,-44.7624229783,-7.45068620756,-58.2565929234
1.61278810746617E+018,-44.6333718712,-7.39640539705,-56.0425216566
1.61278810750295E+018,-44.5744474544,-7.36898877988,-56.6141288955
1.61278810753498E+018,-44.3513184028,-7.28401378042,-54.8894025389
1.61278810756808E+018,-44.3367781591,-7.27775895456,-56.7708847613
1.61278810760063E+018,-44.4872775105,-7.32813015344,-58.4055381686
1.61278810764027E+018,-44.5712289279,-7.35319177299,-57.9027492372
1.61278810766518E+018,-44.690272368,-7.3903806478,-58.3593821987
1.61278810770431E+018,-44.8370686711,-7.43633640294,-58.7778290931
1.61278810773688E+018,-44.7912286673,-7.41112946154,-56.9854108667
1.61278810777966E+018,-44.7276564627,-7.38357789448,-56.7887056847
1.61278810780519E+018,-44.7745418425,-7.39879740723,-57.8623244154
1.61278810784269E+018,-44.6770816965,-7.36329493584,-56.464648672
1.61278810787372E+018,-44.6821193313,-7.36721587882,-57.4101040611
1.61278810790246E+018,-44.5403289979,-7.31978467265,-55.9372106755
1.61278810794485E+018,-44.4446548311,-7.29270424808,-56.2654176802
1.61278810796992E+018,-44.4973958275,-7.3189926067,-57.6537302094
1.61278810800632E+018,-44.4288255509,-7.2985205154,-56.4550097719
1.61278810804015E+018,-44.3757778071,-7.2821574699,-56.5140910964
1.61278810806647E+018,-44.2316430673,-7.23599813205,-55.5502938245
1.61278810810283E+018,-44.1831556672,-7.22523505628,-56.3531902617
1.61278810814387E+018,-44.3899178977,-7.30126105965,-58.8394904366
1.61278810816747E+018,-44.3680118133,-7.29526061518,-56.7714210421
1.61278810820912E+018,-44.3412907583,-7.28906239371,-56.7092909943
1.61278810824323E+018,-44.2791421612,-7.27624527792,-56.3716734077
1.61278810826641E+018,-44.2219463217,-7.2677603487,-56.3661127745
1.61278810830752E+018,-44.181096234,-7.26374081712,-56.4452330706
1.61278810833651E+018,-44.214838495,-7.28490663344,-57.1344870675
1.61278810837415E+018,-44.2686684446,-7.30942649943,-57.3414515502
1.61278810840374E+018,-44.2361614934,-7.29867704662,-56.4898492943
1.6127881084431E+018,-44.2614442839,-7.30837591817,-57.0336594749
1.61278810846789E+018,-44.229215373,-7.29761622821,-56.4821104037
1.61278810850736E+018,-44.2521590356,-7.30431835079,-56.9810237225
1.61278810854828E+018,-44.4420106523,-7.36900103397,-58.6865131915
1.61278810856619E+018,-44.5422635524,-7.39681041937,-57.9672111486
1.61278810860389E+018,-44.5342238813,-7.38666095636,-57.0012071511
1.61278810864458E+018,-44.4777442247,-7.36124015458,-56.5209194311
1.61278810867432E+018,-44.6039415217,-7.39874010403,-58.2836066339
1.61278810871518E+018,-44.4659350462,-7.34255110541,-55.7685981121
1.61278810874634E+018,-44.462735376,-7.33707403824,-56.991536987
1.61278810877156E+018,-44.4066418028,-7.31637621536,-56.4864664253
1.61278810881265E+018,-44.269479014,-7.27030786305,-55.6289997341
1.61278810884489E+018,-44.162734793,-7.23370201417,-55.7556693049
1.61278810888196E+018,-44.1737715221,-7.24045849021,-56.8305455774
1.61278810891381E+018,-44.2474757707,-7.26890367792,-57.4725179399
1.61278810894371E+018,-44.2653712072,-7.27734523707,-56.9961608918
1.61278810897986E+018,-44.3438920138,-7.30761947899,-57.6338258275
1.61278810900508E+018,-44.4734372598,-7.35500751269,-58.2364541795
1.61278810904587E+018,-44.5131957861,-7.36809315481,-57.4641478781
1.61278810907385E+018,-44.6301168158,-7.40641364463,-58.2738621839
1.61278810911052E+018,-44.659230454,-7.4129368998,-57.5238514877
1.61278810915039E+018,-44.529622845,-7.3639661641,-55.9623924221
1.61278810917933E+018,-44.5018152458,-7.35477105233,-56.867235235
1.61278810920876E+018,-44.4787945708,-7.348312221,-56.8905759958
1.61278810924944E+018,-44.3639875585,-7.30702754785,-55.9125144814
1.61278810928089E+018,-44.4200327364,-7.32539281534,-57.4912103062
1.61278810930749E+018,-44.327522478,-7.29067068287,-56.0544439758
1.61278810934417E+018,-44.3413159786,-7.29574788096,-57.0360915147
1.61278810937497E+018,-44.3783718929,-7.30535839679,-57.2544603249
1.61278810941223E+018,-44.3587251294,-7.29674621858,-56.7451231702
1.61278810945166E+018,-44.2715435186,-7.26484270853,-56.0448481268
1.61278810947695E+018,-44.1681787034,-7.23009857971,-55.8014770062
1.61278810951371E+018,-44.2263459999,-7.25656295962,-57.3440868717
1.6127881095466E+018,-44.1847337761,-7.24988041875,-56.4252370363
1.61278810958241E+018,-44.3585351122,-7.31951450321,-58.5496178609
1.61278810961294E+018,-44.4717679468,-7.3634425297,-58.1088832707
1.61278810964706E+018,-44.46927618,-7.36503870844,-57.0639986275
1.61278810968532E+018,-44.5075834044,-7.37984931138,-57.4608281724
1.61278810971555E+018,-44.6110939889,-7.41392758937,-58.1310968618
1.61278810974548E+018,-44.5645546947,-7.39267468938,-56.7214952622
1.61278810978878E+018,-44.5112422219,-7.36724954559,-56.5808379164
1.61278810981801E+018,-44.5242813575,-7.36457515146,-57.1812719441
1.61278810986306E+018,-44.6039378462,-7.38668978685,-57.8839129023
1.61278810988784E+018,-44.5349438999,-7.35550976384,-56.4748165685
1.61278810991912E+018,-44.5584119765,-7.35803357672,-57.3358018035
1.61278810995826E+018,-44.5714225103,-7.35870334799,-57.2776981177
1.61278810998336E+018,-44.552643025,-7.34693811111,-56.9628355169
1.61278811001655E+018,-44.6271070868,-7.37006691254,-57.9012671066
1.61278811005601E+018,-44.5305818222,-7.33223533697,-56.2614766456
1.61278811009036E+018,-44.6611788023,-7.37497088011,-58.4415647019
1.61278811014009E+018,-44.6285436357,-7.35880490531,-56.9429014663
1.61278811015969E+018,-44.5006926635,-7.31277438988,-55.9771965917
1.61278811019077E+018,-44.3205042732,-7.25467248219,-55.3508581606
1.61278811024599E+018,-44.3197047622,-7.26274166659,-56.9659024438
1.61278811026282E+018,-44.3544082275,-7.28503945683,-57.3365721441
1.61278811028404E+018,-44.3142625685,-7.27775142029,-56.5912580304
1.61278811032202E+018,-44.3139935081,-7.28312102231,-56.9296483019
1.61278811034966E+018,-44.323894538,-7.29213367791,-57.0308909189
1.61278811038792E+018,-44.2952088019,-7.28673690395,-56.644462779
1.61278811041765E+018,-44.1752555996,-7.24787697638,-55.6747824252
1.6127881104469E+018,-44.0581662774,-7.21325138411,-55.5851211493
1.6127881104821E+018,-44.1098788635,-7.24068071949,-57.1668177878
1.61278811051175E+018,-44.0934655492,-7.24279186546,-56.5279451775
1.6127881105491E+018,-44.0499439824,-7.23369991346,-56.2166999799
1.61278811058862E+018,-44.2626003919,-7.31536558041,-58.7513875981
1.61278811061689E+018,-44.1922168662,-7.29301450206,-56.114249928
1.61278811065686E+018,-44.2095949982,-7.30183471274,-56.9148890406
1.61278811068668E+018,-44.1597299695,-7.28666201454,-56.2537631411
1.61278811071881E+018,-44.0849793023,-7.26149844379,-55.9293125594
1.6127881107584E+018,-44.2567150655,-7.324589134,-58.337673187
1.61278811078833E+018,-44.2271810229,-7.31003942857,-56.4546181982
1.612788110817E+018,-44.1535586192,-7.28008004984,-55.9757893034
1.61278811085533E+018,-44.1185481729,-7.26652681659,-56.3020905987
1.61278811088324E+018,-44.0931994823,-7.26000960658,-56.390329567
1.6127881109201E+018,-44.1228513519,-7.27257521698,-56.910868168
1.61278811095374E+018,-44.1247660311,-7.27334577768,-56.6481748875
1.6127881109829E+018,-44.1397268716,-7.27869073971,-56.7819941879
1.61278811101862E+018,-44.2928883153,-7.3309820765,-58.1791358331
1.61278811105629E+018,-44.5296039988,-7.40788682518,-59.1666281737
1.61278811108997E+018,-44.6310540254,-7.43252161319,-58.0515357522
1.61278811111555E+018,-44.5972199642,-7.41032065913,-56.8213872159
1.61278811115454E+018,-44.7579197693,-7.45928897153,-58.7700487704
1.61278811118806E+018,-44.6941272098,-7.42626463829,-56.6770172273
1.61278811121959E+018,-44.5980690659,-7.3845051611,-56.3001216487
1.61278811124826E+018,-44.6080104179,-7.38348216849,-57.2853047739
1.61278811128733E+018,-44.6115583716,-7.37604609894,-57.1962242341
1.61278811131539E+018,-44.6067097145,-7.36735250304,-57.1341909871
1.61278811135604E+018,-44.6111556801,-7.36204691923,-57.2253852931
1.61278811138883E+018,-44.5731191497,-7.34348461132,-56.8200857537
1.61278811141251E+018,-44.5828596565,-7.34485615533,-57.2857785614
1.61278811145355E+018,-44.48536797,-7.30593685712,-56.1934189102
1.6127881114865E+018,-44.4805057893,-7.30255517602,-57.0370237761
1.61278811152445E+018,-44.4304305825,-7.28597198233,-56.6006790669
1.6127881115514E+018,-44.3931109053,-7.27680347381,-56.6947430787
1.61278811158849E+018,-44.3790892206,-7.27838143789,-56.9063824394
1.6127881116255E+018,-44.4626759647,-7.31493890766,-57.8778388952
1.61278811165441E+018,-44.3976723124,-7.29955003527,-56.4823207381
1.61278811169013E+018,-44.3302229686,-7.28616203153,-56.4016068491
1.61278811171664E+018,-44.3186768389,-7.29193559401,-56.8747357879
1.6127881117591E+018,-44.3041200363,-7.2926555566,-56.7904415583
1.61278811179693E+018,-44.3130341533,-7.29971731808,-56.9899395576
1.61278811183146E+018,-44.2543408704,-7.28361483124,-56.3232952628
1.61278811185958E+018,-44.2342248481,-7.27824024313,-56.6129528655
1.61278811188639E+018,-44.1985647556,-7.26835057317,-56.439766305
1.61278811192693E+018,-44.3128787248,-7.31264421677,-57.9211230619
1.61278811196017E+018,-44.2759829323,-7.30108415733,-56.5104382061
1.61278811198763E+018,-44.2893540391,-7.30717379643,-56.9713781319
1.61278811203593E+018,-44.3087568088,-7.31449221573,-57.0399543633
1.61278811206472E+018,-44.2989284298,-7.31040670995,-56.7584178716
1.61278811209004E+018,-44.246168151,-7.2916818304,-56.3176779973
1.61278811212038E+018,-44.273040909,-7.30072324757,-57.0540117123
1.61278811216055E+018,-44.4005890058,-7.34544732654,-58.1051308928
1.61278811219006E+018,-44.3025475164,-7.30858529711,-55.965633099
1.61278811222268E+018,-44.3138973555,-7.31248157674,-56.97026891
1.61278811226372E+018,-44.2735310484,-7.29855216018,-56.4658694348
1.61278811228781E+018,-44.3911965234,-7.3402997426,-58.0110892423
1.61278811232786E+018,-44.3216531955,-7.31209319222,-56.2293918773
1.61278811235655E+018,-44.3049752138,-7.3045038005,-56.6969766953
1.61278811239189E+018,-44.2886584696,-7.29833716249,-56.6926030683
1.61278811243506E+018,-44.317433231,-7.30809351609,-57.1281776156
1.61278811246027E+018,-44.3839268268,-7.33038471612,-57.5374199328
1.61278811249691E+018,-44.3498915018,-7.31596069677,-56.5929423857
1.61278811252641E+018,-44.316895046,-7.30387260125,-56.5804590029
1.6127881125616E+018,-44.2299607569,-7.27444256086,-56.010994099
1.61278811259175E+018,-44.430047909,-7.34764752951,-58.8145117843
1.6127881126324E+018,-44.437775245,-7.34733455985,-57.0652010802
1.61278811265794E+018,-44.3660537723,-7.32016739582,-56.2841089012
1.61278811270077E+018,-44.3402268567,-7.31044033406,-56.6714369357
1.61278811273388E+018,-44.3381101244,-7.30920394413,-56.8805013044
1.61278811276303E+018,-44.6083106307,-7.40281303906,-59.6163240818
1.61278811279136E+018,-44.4936833854,-7.35819501273,-56.0402363806
1.61278811283108E+018,-44.5406323902,-7.37219344479,-57.5467854919
1.61278811286888E+018,-44.4662276004,-7.34047765979,-56.3532517465
1.61278811289709E+018,-44.5129446564,-7.35463517804,-57.5153268564
1.61278811292398E+018,-44.4084880976,-7.31529965343,-56.0455586026
1.612788112961E+018,-44.5673635921,-7.37090113164,-58.5955757119
1.61278811299124E+018,-44.5401785433,-7.35606875918,-56.8682062396
1.61278811303119E+018,-44.4478981716,-7.32094495258,-56.2037358915
1.61278811306192E+018,-44.4356672974,-7.31641722199,-56.9211753428
1.61278811310049E+018,-44.3387024386,-7.28352832467,-56.0648683615
1.61278811313894E+018,-44.4018301108,-7.30819331266,-57.5718739676
1.61278811316083E+018,-44.4101473474,-7.31122264199,-57.0743254773
1.61278811318961E+018,-44.3316409494,-7.28484624845,-56.2192483509
1.612788113234E+018,-44.3288931932,-7.28755462034,-56.9091462714
1.6127881132666E+018,-44.4833919779,-7.34731679187,-58.5068057587
1.6127881132978E+018,-44.6158887884,-7.39217172145,-58.4070903336
1.61278811332796E+018,-44.6032867419,-7.3836757558,-57.0852911638
1.61278811336675E+018,-44.6363272802,-7.39316993333,-57.5489680933
1.61278811339508E+018,-44.7176692464,-7.4198443165,-58.0788441585
1.61278811343849E+018,-44.673330355,-7.40190119189,-56.9073983941
1.61278811346322E+018,-44.750072803,-7.42156867955,-58.0291661661
1.61278811350144E+018,-44.5905376035,-7.35982302423,-55.7576836995
1.61278811353311E+018,-44.6444645973,-7.37480334832,-57.7317952203
1.61278811356907E+018,-44.59360382,-7.35385024964,-56.7507485187
1.61278811359712E+018,-44.6265155806,-7.36225004035,-57.5333161521
1.61278811364131E+018,-44.4972080952,-7.31604527138,-55.9609729438
1.61278811367018E+018,-44.4626680323,-7.30239070225,-56.7514251615
1.61278811369635E+018,-44.4407591265,-7.29423943081,-56.8469999048
1.61278811373697E+018,-44.4146885917,-7.28703662629,-56.8007396841
1.61278811376085E+018,-44.4366237241,-7.29750010523,-57.2598509259
1.61278811380344E+018,-44.4733202249,-7.31504265305,-57.4523421818
1.61278811383513E+018,-44.469579215,-7.31695945491,-57.0753285575
1.61278811386008E+018,-44.7160969793,-7.40614945617,-59.5872312495
1.61278811389891E+018,-44.6866728751,-7.39644671532,-57.0886274281
1.61278811394148E+018,-44.6431139562,-7.38370067791,-56.9269737849
1.61278811396534E+018,-44.5980764894,-7.36900717643,-56.8443483278
1.6127881140086E+018,-44.6634512724,-7.39117270503,-57.8840885713
1.61278811404143E+018,-44.6123927516,-7.37178459018,-56.7844395044
1.6127881140718E+018,-44.6301986609,-7.37674838449,-57.4178501533
1.61278811410458E+018,-44.5761963573,-7.35436214739,-56.6965364125
1.61278811413727E+018,-44.5934355413,-7.35838835125,-57.3623268344
1.61278811416527E+018,-44.6068570626,-7.35859053202,-57.3229803747
1.61278811420603E+018,-44.6058845047,-7.35644874111,-57.2206728476
1.61278811423957E+018,-44.48093721,-7.30998530397,-55.9630692717
1.61278811426903E+018,-44.4737648879,-7.30799667127,-57.026632481
1.61278811430179E+018,-44.4783771687,-7.30924449158,-57.1285278586
1.61278811433746E+018,-44.5444121783,-7.33423723627,-57.7737548346
1.61278811437285E+018,-44.4523806485,-7.30387025332,-56.2621838667
1.61278811439808E+018,-44.5206757743,-7.33209829565,-57.7860777028
1.61278811444054E+018,-44.51678802,-7.3347919513,-57.1391884122
1.61278811446555E+018,-44.5343562343,-7.34515855073,-57.3506422635
1.61278811450504E+018,-44.5019162121,-7.33748614381,-56.8622126456
1.61278811454001E+018,-44.4517684787,-7.32495903013,-56.6550122616
1.61278811457248E+018,-44.4597382322,-7.32848703209,-57.137829064
1.61278811460182E+018,-44.5678987603,-7.36659358816,-58.1519522457
1.61278811464194E+018,-44.4869698075,-7.33703389939,-56.3666994591
1.61278811467E+018,-44.4882381711,-7.33848472504,-57.1159579171
1.61278811471245E+018,-44.5463475563,-7.35790682874,-57.6720064713
1.61278811474418E+018,-44.4918387481,-7.33759676122,-56.6065382631
1.61278811476844E+018,-44.6324331848,-7.38550069362,-58.5041856852
1.61278811480484E+018,-44.5785758557,-7.363634979,-56.7031571697
1.61278811483467E+018,-44.6153163245,-7.37390933168,-57.5542214677
1.61278811487355E+018,-44.5787912413,-7.35742881673,-56.8520657862
1.612788114903E+018,-44.5297287989,-7.33710968151,-56.6871679509
1.61278811494431E+018,-44.6573368369,-7.38175440891,-58.4358796123
1.6127881149723E+018,-44.5269738101,-7.33434438196,-55.9783570238
1.61278811500212E+018,-44.5160928645,-7.33151619344,-57.047435033
1.61278811504134E+018,-44.4595820248,-7.31172380724,-56.5652273297
1.61278811508051E+018,-44.5360330956,-7.3413237409,-57.861173981
1.61278811510796E+018,-44.5298678443,-7.33916583993,-57.0961709741
1.61278811514042E+018,-44.6370642492,-7.3765260519,-58.2288514592
1.61278811517791E+018,-44.7589566466,-7.41614911143,-58.4821204795
1.61278811520402E+018,-44.6021099609,-7.35704204837,-55.8146899816
1.61278811524361E+018,-44.5343272956,-7.33370634758,-56.5623890373
1.61278811527166E+018,-44.5691430138,-7.34774901034,-57.5257670352
1.61278811529736E+018,-44.5949788921,-7.35578096427,-57.4512858911
1.61278811534147E+018,-44.7616287967,-7.41394373336,-58.9092162862
1.61278811537016E+018,-44.719675908,-7.39631113533,-56.9874006535
1.61278811540803E+018,-44.8349197035,-7.43335301657,-58.5165791636
1.61278811545051E+018,-44.7240150232,-7.39087925424,-56.3780205779
1.6127881154715E+018,-44.6665646979,-7.36680100102,-56.7783020272
1.61278811551213E+018,-44.5752402972,-7.33343126856,-56.3913797391
1.61278811554883E+018,-44.5467929271,-7.32319964184,-56.923431392
1.61278811557173E+018,-44.5338789451,-7.31975723734,-57.0576486184
1.61278811560935E+018,-44.4895136737,-7.30689458522,-56.7394669613
1.61278811564236E+018,-44.4225719765,-7.28444859784,-56.4416581222
1.61278811569332E+018,-44.4166175268,-7.28731086842,-57.0099693446
1.61278811571336E+018,-44.4739370011,-7.31266542331,-57.6417695322
1.61278811574627E+018,-44.5788241489,-7.35481944841,-58.1910386868
1.61278811577333E+018,-44.4813535834,-7.32318381581,-56.2529695744
1.61278811581083E+018,-44.4354229078,-7.31211403364,-56.6746210722
1.61278811584055E+018,-44.4251531093,-7.31229735459,-56.9645345164
1.61278811587555E+018,-44.4139734085,-7.30939974243,-56.9163592198
1.61278811590307E+018,-44.2623131419,-7.26087694631,-55.5200625173
1.61278811594471E+018,-44.2765551806,-7.2747471841,-57.0428964296
1.61278811597387E+018,-44.5594082977,-7.38076384613,-59.745692914
1.61278811601112E+018,-44.5748870152,-7.38704730271,-57.3414894707
1.61278811604459E+018,-44.5441698612,-7.37308634549,-56.8572855193
1.61278811608093E+018,-44.6653553357,-7.41272610683,-58.3540936792
1.61278811611342E+018,-44.7527304001,-7.43457319749,-58.1084522188
1.61278811614635E+018,-44.6230760962,-7.38049737878,-56.0328796686
1.61278811617773E+018,-44.7166851321,-7.40740691823,-58.1507804527
1.61278811621646E+018,-44.8208349444,-7.43735814476,-58.3676878846
1.61278811624815E+018,-44.7670343441,-7.41062938037,-56.8939143428
1.61278811627646E+018,-44.6533310585,-7.36457495817,-56.2419446013
1.61278811631068E+018,-44.6273570177,-7.3524787537,-57.0176446995
1.61278811634416E+018,-44.5245333641,-7.31596768461,-56.2356073429
1.61278811638461E+018,-44.5843768315,-7.33871226155,-57.7691846003
1.61278811641238E+018,-44.7041297567,-7.37993595351,-58.4228525757
1.61278811645314E+018,-44.805293882,-7.40973564395,-58.3380118268
1.61278811648248E+018,-44.724778589,-7.37627859904,-56.6373905063
1.61278811651048E+018,-44.8288569976,-7.4100396817,-58.4231706452
1.61278811654596E+018,-44.9130337358,-7.43534225836,-58.337718895
1.61278811658246E+018,-44.916780965,-7.431897861,-57.6268168234
1.61278811661492E+018,-44.8424622745,-7.40573328041,-56.8886519136
1.61278811665694E+018,-44.7609109942,-7.38009887422,-56.7523836058
1.6127881166857E+018,-44.7305562255,-7.36923834095,-57.1380278001
1.61278811672481E+018,-44.619862928,-7.33137293787,-56.3019956823
1.61278811676165E+018,-44.6829844369,-7.35761771898,-57.9463881276
1.61278811679085E+018,-44.6075595367,-7.33227289729,-56.5990362157
1.61278811682962E+018,-44.662338856,-7.35209693984,-57.8138723293
1.6127881168576E+018,-44.5391066025,-7.31180722064,-56.1083997651
1.61278811689797E+018,-44.6255980008,-7.34536258668,-58.0725220558
1.6127881169316E+018,-44.494745656,-7.29910133677,-55.9547531531
1.6127881169628E+018,-44.519705784,-7.31060347951,-57.3932765074
1.61278811700487E+018,-44.5970021718,-7.34198375546,-57.9646941201
1.61278811703751E+018,-44.6088524248,-7.34966468311,-57.3919680917
1.61278811706954E+018,-44.6714348275,-7.37738573827,-57.937159823
1.61278811709731E+018,-44.5622309937,-7.34352640631,-56.2685552678
1.6127881171265E+018,-44.6987594019,-7.39528752031,-58.6041120458
1.61278811715529E+018,-44.8180193534,-7.4358161799,-58.5488689092
1.61278811719061E+018,-44.6833231335,-7.38718233073,-56.1351862777
1.61278811722492E+018,-44.6434489867,-7.37219756209,-56.9291221257
1.61278811726293E+018,-44.5609474439,-7.34089446629,-56.4382849859
1.61278811729494E+018,-44.6916828997,-7.38438346237,-58.4867891704
1.61278811732678E+018,-44.6273445282,-7.35774834408,-56.6666043406
1.61278811736048E+018,-44.6301996162,-7.35682347944,-57.285742466
1.61278811739487E+018,-44.5017552988,-7.31037462543,-55.9716025588
1.61278811742632E+018,-44.49216177,-7.31009397474,-57.0533368894
1.6127881174566E+018,-44.5085459715,-7.31739927302,-57.2886596224
1.61278811749186E+018,-44.5381747834,-7.33024695143,-57.4501901487
1.6127881175205E+018,-44.5820987433,-7.34604059152,-57.6110774685
1.61278811755714E+018,-44.4758119706,-7.31121482214,-56.1700841683
1.6127881175918E+018,-44.5159624694,-7.32780278157,-57.5151563739
1.61278811763104E+018,-44.3570261547,-7.27727767867,-55.5822495638
1.61278811766113E+018,-44.356332958,-7.28508054,-57.0061593321
1.6127881176934E+018,-44.3679566571,-7.29558135397,-57.1121551686
1.61278811772813E+018,-44.3547124195,-7.29677062168,-56.8684470163
1.61278811776182E+018,-44.3851459182,-7.31169573734,-57.2760465866
1.6127881178011E+018,-44.4087975273,-7.32556240108,-57.2557569626
1.61278811783633E+018,-44.4176224633,-7.33054104804,-57.0997200065
1.61278811786889E+018,-44.2839176574,-7.28245116838,-55.6453506973
1.61278811790008E+018,-44.3658391342,-7.31401950122,-57.6915816183
1.61278811792851E+018,-44.4263247528,-7.33641770249,-57.5601445147
1.6127881179554E+018,-44.4702566986,-7.35303734142,-57.4673421204
1.61278811799275E+018,-44.4873827566,-7.35611821743,-57.2127114813
1.61278811803165E+018,-44.6374312549,-7.40561163432,-58.5721725485
1.61278811806223E+018,-44.7567059914,-7.44039163914,-58.4111223317
1.61278811810078E+018,-44.6608522198,-7.40025753006,-56.3963446667
1.6127881181401E+018,-44.7438611358,-7.42456184819,-58.0985181898
1.61278811817904E+018,-44.9835760202,-7.50102838889,-59.7552505744
1.61278811820581E+018,-44.9178602514,-7.46542862246,-56.9282451238
1.61278811822355E+018,-44.9253408403,-7.4556957207,-57.5906176745
1.61278811826826E+018,-44.8289595858,-7.41192482435,-56.5787227061
1.6127881182976E+018,-44.9646485228,-7.45011335998,-58.8074384004
1.61278811833429E+018,-44.8248478175,-7.39327106222,-56.2152879116
1.61278811836707E+018,-44.7224955126,-7.35330805255,-56.4578687244
1.61278811839638E+018,-44.7434491958,-7.35890341541,-57.5975598721
1.61278811845422E+018,-44.7461273978,-7.35871000233,-57.4456629503
1.61278811847613E+018,-44.740184571,-7.35566421127,-57.3642898729
1.61278811851049E+018,-44.7101936916,-7.34467535376,-57.1197504037
1.61278811852979E+018,-44.510455292,-7.27609878895,-55.3905869037
1.61278811856687E+018,-44.5563018804,-7.30128118769,-57.6900387269
1.61278811861051E+018,-44.4607276703,-7.27596631887,-56.3103773664
1.61278811864584E+018,-44.3576422707,-7.25008573942,-56.1339836639
1.61278811866425E+018,-44.3259835917,-7.25134091689,-56.743387381
1.61278811870451E+018,-44.2188851715,-7.22769645385,-55.9548798508
1.6127881187412E+018,-44.1466301383,-7.21599525725,-56.1678196629
1.61278811876796E+018,-44.0936118902,-7.21007875329,-56.2601273497
1.61278811880034E+018,-44.1111605223,-7.23170572133,-56.9279666035
1.61278811883566E+018,-44.1057203897,-7.24305173503,-56.6926850335
1.61278811886696E+018,-44.0311950413,-7.22460723523,-55.9347148436
1.61278811889955E+018,-44.0949307334,-7.2558174486,-57.2448634383
1.61278811893916E+018,-44.1264635617,-7.27285592847,-56.9694398518
1.61278811897254E+018,-44.2801623695,-7.33225914067,-58.2328548308
1.61278811900216E+018,-44.2819513395,-7.33111289786,-56.8220774012
1.61278811903664E+018,-44.3675017276,-7.36027175088,-57.6771295693
1.61278811907043E+018,-44.4059663702,-7.37203004329,-57.2993830679
1.61278811909521E+018,-44.5629723888,-7.42242577572,-58.5143944178
1.61278811913093E+018,-44.5561630607,-7.41103220726,-57.0175523244
1.61278811916475E+018,-44.6266394354,-7.42532533509,-57.7774419814
1.61278811920851E+018,-44.6645813119,-7.42588610918,-57.5177879251
1.61278811925181E+018,-44.6022800607,-7.3939085206,-56.5818612896
1.6127881192791E+018,-44.504004133,-7.34892880083,-56.1423462316
1.61278811930841E+018,-44.4848854404,-7.3346460065,-56.8496961597
1.61278811933646E+018,-44.3493169015,-7.28184186235,-55.6765624417
1.61278811936388E+018,-44.3374135364,-7.27515920913,-56.7836018963
1.61278811940818E+018,-44.4634053229,-7.31852596059,-58.1753537048
1.61278811944716E+018,-44.5546803815,-7.34867077111,-57.9711878568
1.61278811947984E+018,-44.4501136055,-7.31050880899,-56.1138434851
1.61278811951181E+018,-44.5068127371,-7.33103555082,-57.6307563756
1.61278811954498E+018,-44.4552179798,-7.31361348453,-56.6092652959
1.6127881195703E+018,-44.4459480152,-7.3148289464,-57.0070479902
1.61278811960815E+018,-44.4203403798,-7.31059321097,-56.8321808656
1.61278811963801E+018,-44.450283786,-7.32685743447,-57.3683443193
1.61278811966843E+018,-44.4728958498,-7.33767941932,-57.3030382836
1.61278811971638E+018,-44.3626676984,-7.30273295817,-55.9985715553
1.61278811974641E+018,-44.1671870046,-7.23960960335,-55.0186237311
1.61278811978283E+018,-44.2074015667,-7.26227312361,-57.1808501333
1.61278811981147E+018,-44.1654579646,-7.25215212818,-56.3633759883
1.61278811984657E+018,-44.0839742109,-7.22902642012,-55.9200396495
